[  0.000] backingPropertiesChanged scale=2.0 screen=Built-in Retina Display
[  0.038] draw dirty=270.0x437.0@0.0,-32.0 bounds=270.0x405.0@0.0,0.0 grid=31x29 scale=2.0 screen=Built-in Retina Display
[  0.100] step moves=23 diag=23 level=false shimmer=false released=0 sec=42 toast=true -> repaint=true
[  0.107] draw dirty=270.0x437.0@0.0,-32.0 bounds=270.0x405.0@0.0,0.0 grid=31x29 scale=2.0 screen=Built-in Retina Display
[  0.201] step moves=0 diag=0 level=false shimmer=false released=0 sec=42 toast=true -> repaint=true
[  0.201] draw dirty=270.0x437.0@0.0,-32.0 bounds=270.0x405.0@0.0,0.0 grid=31x29 scale=2.0 screen=Built-in Retina Display
[  0.301] step moves=0 diag=0 level=false shimmer=false released=0 sec=42 toast=true -> repaint=true
[  0.301] draw dirty=270.0x437.0@0.0,-32.0 bounds=270.0x405.0@0.0,0.0 grid=31x29 scale=2.0 screen=Built-in Retina Display
[  0.400] step moves=0 diag=0 level=false shimmer=false released=0 sec=42 toast=true -> repaint=true
[  0.401] draw dirty=270.0x437.0@0.0,-32.0 bounds=270.0x405.0@0.0,0.0 grid=31x29 scale=2.0 screen=Built-in Retina Display
[  0.501] step moves=0 diag=0 level=false shimmer=false released=0 sec=42 toast=true -> repaint=true
[  0.501] draw dirty=270.0x437.0@0.0,-32.0 bounds=270.0x405.0@0.0,0.0 grid=31x29 scale=2.0 screen=Built-in Retina Display
[  0.601] step moves=0 diag=0 level=false shimmer=false released=0 sec=42 toast=true -> repaint=true
[  0.601] draw dirty=270.0x437.0@0.0,-32.0 bounds=270.0x405.0@0.0,0.0 grid=31x29 scale=2.0 screen=Built-in Retina Display
[  0.701] step moves=0 diag=0 level=false shimmer=false released=0 sec=42 toast=true -> repaint=true
[  0.701] draw dirty=270.0x437.0@0.0,-32.0 bounds=270.0x405.0@0.0,0.0 grid=31x29 scale=2.0 screen=Built-in Retina Display
[  0.801] step moves=0 diag=0 level=false shimmer=false released=0 sec=42 toast=true -> repaint=true
[  0.801] draw dirty=270.0x437.0@0.0,-32.0 bounds=270.0x405.0@0.0,0.0 grid=31x29 scale=2.0 screen=Built-in Retina Display
[  0.900] step moves=0 diag=0 level=false shimmer=false released=0 sec=41 toast=true -> repaint=true
[  0.901] draw dirty=270.0x437.0@0.0,-32.0 bounds=270.0x405.0@0.0,0.0 grid=31x29 scale=2.0 screen=Built-in Retina Display
[  1.001] step moves=0 diag=0 level=false shimmer=true released=0 sec=41 toast=true -> repaint=true
[  1.001] draw dirty=270.0x437.0@0.0,-32.0 bounds=270.0x405.0@0.0,0.0 grid=31x29 scale=2.0 screen=Built-in Retina Display
[  1.100] step moves=0 diag=0 level=false shimmer=false released=0 sec=41 toast=true -> repaint=true
[  1.100] draw dirty=270.0x437.0@0.0,-32.0 bounds=270.0x405.0@0.0,0.0 grid=31x29 scale=2.0 screen=Built-in Retina Display
[  1.201] step moves=0 diag=0 level=false shimmer=false released=0 sec=41 toast=true -> repaint=true
[  1.201] draw dirty=270.0x437.0@0.0,-32.0 bounds=270.0x405.0@0.0,0.0 grid=31x29 scale=2.0 screen=Built-in Retina Display
[  1.301] step moves=5 diag=0 level=false shimmer=false released=1 sec=41 toast=true -> repaint=true
[  1.302] draw dirty=270.0x437.0@0.0,-32.0 bounds=270.0x405.0@0.0,0.0 grid=31x29 scale=2.0 screen=Built-in Retina Display
[  1.401] step moves=1 diag=0 level=false shimmer=false released=0 sec=41 toast=true -> repaint=true
[  1.402] draw dirty=270.0x437.0@0.0,-32.0 bounds=270.0x405.0@0.0,0.0 grid=31x29 scale=2.0 screen=Built-in Retina Display
[  1.501] step moves=1 diag=1 level=false shimmer=false released=0 sec=41 toast=true -> repaint=true
[  1.502] draw dirty=270.0x437.0@0.0,-32.0 bounds=270.0x405.0@0.0,0.0 grid=31x29 scale=2.0 screen=Built-in Retina Display
[  1.601] step moves=0 diag=0 level=false shimmer=false released=0 sec=41 toast=true -> repaint=true
[  1.602] draw dirty=270.0x437.0@0.0,-32.0 bounds=270.0x405.0@0.0,0.0 grid=31x29 scale=2.0 screen=Built-in Retina Display
[  1.701] step moves=0 diag=0 level=false shimmer=false released=0 sec=41 toast=true -> repaint=true
[  1.706] draw dirty=270.0x437.0@0.0,-32.0 bounds=270.0x405.0@0.0,0.0 grid=31x29 scale=2.0 screen=Built-in Retina Display
[  1.801] step moves=0 diag=0 level=false shimmer=false released=0 sec=41 toast=true -> repaint=true
[  1.806] draw dirty=270.0x437.0@0.0,-32.0 bounds=270.0x405.0@0.0,0.0 grid=31x29 scale=2.0 screen=Built-in Retina Display
[  1.901] step moves=0 diag=0 level=false shimmer=false released=0 sec=40 toast=true -> repaint=true
[  1.902] draw dirty=270.0x437.0@0.0,-32.0 bounds=270.0x405.0@0.0,0.0 grid=31x29 scale=2.0 screen=Built-in Retina Display
[  2.001] step moves=0 diag=0 level=false shimmer=true released=0 sec=40 toast=true -> repaint=true
[  2.001] draw dirty=270.0x437.0@0.0,-32.0 bounds=270.0x405.0@0.0,0.0 grid=31x29 scale=2.0 screen=Built-in Retina Display
[  2.100] step moves=0 diag=0 level=false shimmer=false released=0 sec=40 toast=true -> repaint=true
[  2.106] draw dirty=270.0x437.0@0.0,-32.0 bounds=270.0x405.0@0.0,0.0 grid=31x29 scale=2.0 screen=Built-in Retina Display
[  2.200] step moves=0 diag=0 level=false shimmer=false released=0 sec=40 toast=true -> repaint=true
[  2.206] draw dirty=270.0x437.0@0.0,-32.0 bounds=270.0x405.0@0.0,0.0 grid=31x29 scale=2.0 screen=Built-in Retina Display
[  2.301] step moves=0 diag=0 level=false shimmer=false released=0 sec=40 toast=true -> repaint=true
[  2.306] draw dirty=270.0x437.0@0.0,-32.0 bounds=270.0x405.0@0.0,0.0 grid=31x29 scale=2.0 screen=Built-in Retina Display
[  2.401] step moves=0 diag=0 level=false shimmer=false released=0 sec=40 toast=true -> repaint=true
[  2.406] draw dirty=270.0x437.0@0.0,-32.0 bounds=270.0x405.0@0.0,0.0 grid=31x29 scale=2.0 screen=Built-in Retina Display
[  2.501] step moves=0 diag=0 level=false shimmer=false released=0 sec=40 toast=true -> repaint=true
[  2.506] draw dirty=270.0x437.0@0.0,-32.0 bounds=270.0x405.0@0.0,0.0 grid=31x29 scale=2.0 screen=Built-in Retina Display
[  2.601] step moves=0 diag=0 level=false shimmer=false released=0 sec=40 toast=true -> repaint=true
[  2.606] draw dirty=270.0x437.0@0.0,-32.0 bounds=270.0x405.0@0.0,0.0 grid=31x29 scale=2.0 screen=Built-in Retina Display
[  2.701] step moves=0 diag=0 level=false shimmer=false released=0 sec=40 toast=true -> repaint=true
[  2.706] draw dirty=270.0x437.0@0.0,-32.0 bounds=270.0x405.0@0.0,0.0 grid=31x29 scale=2.0 screen=Built-in Retina Display
[  2.801] step moves=0 diag=0 level=false shimmer=false released=0 sec=40 toast=true -> repaint=true
[  2.806] draw dirty=270.0x437.0@0.0,-32.0 bounds=270.0x405.0@0.0,0.0 grid=31x29 scale=2.0 screen=Built-in Retina Display
[  2.901] step moves=5 diag=1 level=false shimmer=false released=1 sec=39 toast=true -> repaint=true
[  2.906] draw dirty=270.0x437.0@0.0,-32.0 bounds=270.0x405.0@0.0,0.0 grid=31x29 scale=2.0 screen=Built-in Retina Display
[  3.001] step moves=1 diag=0 level=false shimmer=true released=0 sec=39 toast=true -> repaint=true
[  3.001] draw dirty=270.0x437.0@0.0,-32.0 bounds=270.0x405.0@0.0,0.0 grid=31x29 scale=2.0 screen=Built-in Retina Display
[  3.100] step moves=0 diag=0 level=false shimmer=false released=0 sec=39 toast=true -> repaint=true
[  3.106] draw dirty=270.0x437.0@0.0,-32.0 bounds=270.0x405.0@0.0,0.0 grid=31x29 scale=2.0 screen=Built-in Retina Display
[  3.200] step moves=0 diag=0 level=false shimmer=false released=0 sec=39 toast=true -> repaint=true
[  3.200] draw dirty=270.0x437.0@0.0,-32.0 bounds=270.0x405.0@0.0,0.0 grid=31x29 scale=2.0 screen=Built-in Retina Display
[  3.301] step moves=0 diag=0 level=false shimmer=false released=0 sec=39 toast=true -> repaint=true
[  3.301] draw dirty=270.0x437.0@0.0,-32.0 bounds=270.0x405.0@0.0,0.0 grid=31x29 scale=2.0 screen=Built-in Retina Display
[  3.401] step moves=0 diag=0 level=false shimmer=false released=0 sec=39 toast=true -> repaint=true
[  3.401] draw dirty=270.0x437.0@0.0,-32.0 bounds=270.0x405.0@0.0,0.0 grid=31x29 scale=2.0 screen=Built-in Retina Display
[  3.501] step moves=0 diag=0 level=false shimmer=false released=0 sec=39 toast=true -> repaint=true
[  3.501] draw dirty=270.0x437.0@0.0,-32.0 bounds=270.0x405.0@0.0,0.0 grid=31x29 scale=2.0 screen=Built-in Retina Display
[  3.601] step moves=0 diag=0 level=false shimmer=false released=0 sec=39 toast=true -> repaint=true
[  3.601] draw dirty=270.0x437.0@0.0,-32.0 bounds=270.0x405.0@0.0,0.0 grid=31x29 scale=2.0 screen=Built-in Retina Display
[  3.700] step moves=0 diag=0 level=false shimmer=false released=0 sec=39 toast=true -> repaint=true
[  3.700] draw dirty=270.0x437.0@0.0,-32.0 bounds=270.0x405.0@0.0,0.0 grid=31x29 scale=2.0 screen=Built-in Retina Display
[  3.801] step moves=0 diag=0 level=false shimmer=false released=0 sec=39 toast=true -> repaint=true
[  3.801] draw dirty=270.0x437.0@0.0,-32.0 bounds=270.0x405.0@0.0,0.0 grid=31x29 scale=2.0 screen=Built-in Retina Display
[  3.901] step moves=0 diag=0 level=false shimmer=false released=0 sec=38 toast=true -> repaint=true
[  3.901] draw dirty=270.0x437.0@0.0,-32.0 bounds=270.0x405.0@0.0,0.0 grid=31x29 scale=2.0 screen=Built-in Retina Display
[  4.000] step moves=0 diag=0 level=false shimmer=true released=0 sec=38 toast=true -> repaint=true
[  4.000] draw dirty=270.0x437.0@0.0,-32.0 bounds=270.0x405.0@0.0,0.0 grid=31x29 scale=2.0 screen=Built-in Retina Display
[  4.100] step moves=0 diag=0 level=false shimmer=false released=0 sec=38 toast=true -> repaint=true
[  4.101] draw dirty=270.0x437.0@0.0,-32.0 bounds=270.0x405.0@0.0,0.0 grid=31x29 scale=2.0 screen=Built-in Retina Display
[  4.201] step moves=0 diag=0 level=false shimmer=false released=0 sec=38 toast=false -> repaint=false
[  4.301] step moves=0 diag=0 level=false shimmer=false released=0 sec=38 toast=false -> repaint=false
[  4.401] step moves=5 diag=1 level=false shimmer=false released=1 sec=38 toast=false -> repaint=true
[  4.401] draw dirty=270.0x437.0@0.0,-32.0 bounds=270.0x405.0@0.0,0.0 grid=31x29 scale=2.0 screen=Built-in Retina Display
[  4.501] step moves=0 diag=0 level=false shimmer=false released=0 sec=38 toast=false -> repaint=false
[  4.601] step moves=0 diag=0 level=false shimmer=false released=0 sec=38 toast=false -> repaint=false
[  4.701] step moves=0 diag=0 level=false shimmer=false released=0 sec=38 toast=false -> repaint=false
[  4.801] step moves=0 diag=0 level=false shimmer=false released=0 sec=38 toast=false -> repaint=false
[  4.901] step moves=0 diag=0 level=false shimmer=false released=0 sec=37 toast=false -> repaint=true
[  4.901] draw dirty=270.0x437.0@0.0,-32.0 bounds=270.0x405.0@0.0,0.0 grid=31x29 scale=2.0 screen=Built-in Retina Display
[  5.001] step moves=0 diag=0 level=false shimmer=true released=0 sec=37 toast=false -> repaint=true
[  5.001] draw dirty=270.0x437.0@0.0,-32.0 bounds=270.0x405.0@0.0,0.0 grid=31x29 scale=2.0 screen=Built-in Retina Display
[  5.100] step moves=0 diag=0 level=false shimmer=false released=0 sec=37 toast=false -> repaint=false
[  5.201] step moves=0 diag=0 level=false shimmer=false released=0 sec=37 toast=false -> repaint=false
[  5.301] step moves=0 diag=0 level=false shimmer=false released=0 sec=37 toast=false -> repaint=false
[  5.401] step moves=0 diag=0 level=false shimmer=false released=0 sec=37 toast=false -> repaint=false
[  5.501] step moves=0 diag=0 level=false shimmer=false released=0 sec=37 toast=false -> repaint=false
[  5.601] step moves=0 diag=0 level=false shimmer=false released=0 sec=37 toast=false -> repaint=false
[  5.701] step moves=0 diag=0 level=false shimmer=false released=0 sec=37 toast=false -> repaint=false
[  5.801] step moves=0 diag=0 level=false shimmer=false released=0 sec=37 toast=false -> repaint=false
[  5.901] step moves=0 diag=0 level=false shimmer=false released=0 sec=36 toast=false -> repaint=true
[  5.902] draw dirty=270.0x437.0@0.0,-32.0 bounds=270.0x405.0@0.0,0.0 grid=31x29 scale=2.0 screen=Built-in Retina Display
[  6.001] step moves=0 diag=0 level=false shimmer=true released=0 sec=36 toast=false -> repaint=true
[  6.002] draw dirty=270.0x437.0@0.0,-32.0 bounds=270.0x405.0@0.0,0.0 grid=31x29 scale=2.0 screen=Built-in Retina Display
[  6.100] step moves=0 diag=0 level=false shimmer=false released=0 sec=36 toast=false -> repaint=false
[  6.201] step moves=0 diag=0 level=false shimmer=false released=0 sec=36 toast=false -> repaint=false
[  6.301] step moves=0 diag=0 level=false shimmer=false released=0 sec=36 toast=false -> repaint=false
[  6.401] step moves=0 diag=0 level=false shimmer=false released=0 sec=36 toast=false -> repaint=false
[  6.501] step moves=0 diag=0 level=false shimmer=false released=0 sec=36 toast=false -> repaint=false
[  6.600] step moves=0 diag=0 level=false shimmer=false released=0 sec=36 toast=false -> repaint=false
[  6.700] step moves=0 diag=0 level=false shimmer=false released=0 sec=36 toast=false -> repaint=false
[  6.801] step moves=0 diag=0 level=false shimmer=false released=0 sec=36 toast=false -> repaint=false
[  6.901] step moves=0 diag=0 level=false shimmer=false released=0 sec=35 toast=false -> repaint=true
[  6.901] draw dirty=270.0x437.0@0.0,-32.0 bounds=270.0x405.0@0.0,0.0 grid=31x29 scale=2.0 screen=Built-in Retina Display
[  7.000] step moves=0 diag=0 level=false shimmer=true released=0 sec=35 toast=false -> repaint=true
[  7.001] draw dirty=270.0x437.0@0.0,-32.0 bounds=270.0x405.0@0.0,0.0 grid=31x29 scale=2.0 screen=Built-in Retina Display
[  7.103] step moves=0 diag=0 level=false shimmer=false released=0 sec=35 toast=false -> repaint=false
[  7.200] step moves=0 diag=0 level=false shimmer=false released=0 sec=35 toast=false -> repaint=false
[  7.301] step moves=0 diag=0 level=false shimmer=false released=0 sec=35 toast=false -> repaint=false
[  7.401] step moves=0 diag=0 level=false shimmer=false released=0 sec=35 toast=false -> repaint=false
[  7.501] step moves=0 diag=0 level=false shimmer=false released=0 sec=35 toast=false -> repaint=false
[  7.601] step moves=0 diag=0 level=false shimmer=false released=0 sec=35 toast=false -> repaint=false
[  7.701] step moves=0 diag=0 level=false shimmer=false released=0 sec=35 toast=false -> repaint=false
[  7.801] step moves=0 diag=0 level=false shimmer=false released=0 sec=35 toast=false -> repaint=false
[  7.901] step moves=0 diag=0 level=false shimmer=false released=0 sec=34 toast=false -> repaint=true
[  7.901] draw dirty=270.0x437.0@0.0,-32.0 bounds=270.0x405.0@0.0,0.0 grid=31x29 scale=2.0 screen=Built-in Retina Display
[  8.000] step moves=0 diag=0 level=false shimmer=true released=0 sec=34 toast=false -> repaint=true
[  8.001] draw dirty=270.0x437.0@0.0,-32.0 bounds=270.0x405.0@0.0,0.0 grid=31x29 scale=2.0 screen=Built-in Retina Display
[  8.100] step moves=0 diag=0 level=false shimmer=false released=0 sec=34 toast=false -> repaint=false
[  8.201] step moves=0 diag=0 level=false shimmer=false released=0 sec=34 toast=false -> repaint=false
[  8.301] step moves=0 diag=0 level=false shimmer=false released=0 sec=34 toast=false -> repaint=false
[  8.401] step moves=0 diag=0 level=false shimmer=false released=0 sec=34 toast=false -> repaint=false
[  8.501] step moves=0 diag=0 level=false shimmer=false released=0 sec=34 toast=false -> repaint=false
[  8.601] step moves=0 diag=0 level=false shimmer=false released=0 sec=34 toast=false -> repaint=false
[  8.701] step moves=0 diag=0 level=false shimmer=false released=0 sec=34 toast=false -> repaint=false
[  8.801] step moves=0 diag=0 level=false shimmer=false released=0 sec=34 toast=false -> repaint=false
[  8.901] step moves=0 diag=0 level=false shimmer=false released=0 sec=33 toast=false -> repaint=true
[  8.906] draw dirty=270.0x437.0@0.0,-32.0 bounds=270.0x405.0@0.0,0.0 grid=31x29 scale=2.0 screen=Built-in Retina Display
[  9.001] step moves=0 diag=0 level=false shimmer=true released=0 sec=33 toast=false -> repaint=true
[  9.005] draw dirty=270.0x437.0@0.0,-32.0 bounds=270.0x405.0@0.0,0.0 grid=31x29 scale=2.0 screen=Built-in Retina Display
[  9.100] step moves=0 diag=0 level=false shimmer=false released=0 sec=33 toast=false -> repaint=false
[  9.201] step moves=0 diag=0 level=false shimmer=false released=0 sec=33 toast=false -> repaint=false
[  9.300] step moves=0 diag=0 level=false shimmer=false released=0 sec=33 toast=false -> repaint=false
[  9.401] step moves=0 diag=0 level=false shimmer=false released=0 sec=33 toast=false -> repaint=false
[  9.501] step moves=0 diag=0 level=false shimmer=false released=0 sec=33 toast=false -> repaint=false
[  9.601] step moves=0 diag=0 level=false shimmer=false released=0 sec=33 toast=false -> repaint=false
[  9.701] step moves=0 diag=0 level=false shimmer=false released=0 sec=33 toast=false -> repaint=false
[  9.801] step moves=0 diag=0 level=false shimmer=false released=0 sec=33 toast=false -> repaint=false
[  9.901] step moves=0 diag=0 level=false shimmer=false released=0 sec=32 toast=false -> repaint=true
[  9.901] draw dirty=270.0x437.0@0.0,-32.0 bounds=270.0x405.0@0.0,0.0 grid=31x29 scale=2.0 screen=Built-in Retina Display
[ 10.001] step moves=0 diag=0 level=false shimmer=true released=0 sec=32 toast=false -> repaint=true
[ 10.002] draw dirty=270.0x437.0@0.0,-32.0 bounds=270.0x405.0@0.0,0.0 grid=31x29 scale=2.0 screen=Built-in Retina Display
[ 10.100] step moves=0 diag=0 level=false shimmer=false released=0 sec=32 toast=false -> repaint=false
[ 10.200] step moves=0 diag=0 level=false shimmer=false released=0 sec=32 toast=false -> repaint=false
[ 10.300] step moves=0 diag=0 level=false shimmer=false released=0 sec=32 toast=false -> repaint=false
[ 10.400] step moves=0 diag=0 level=false shimmer=false released=0 sec=32 toast=false -> repaint=false
[ 10.500] step moves=0 diag=0 level=false shimmer=false released=0 sec=32 toast=false -> repaint=false
[ 10.600] step moves=0 diag=0 level=false shimmer=false released=0 sec=32 toast=false -> repaint=false
[ 10.700] step moves=0 diag=0 level=false shimmer=false released=0 sec=32 toast=false -> repaint=false
[ 10.800] step moves=0 diag=0 level=false shimmer=false released=0 sec=32 toast=false -> repaint=false
[ 10.900] step moves=0 diag=0 level=false shimmer=false released=0 sec=31 toast=false -> repaint=true
[ 10.900] draw dirty=270.0x437.0@0.0,-32.0 bounds=270.0x405.0@0.0,0.0 grid=31x29 scale=2.0 screen=Built-in Retina Display
[ 11.001] step moves=0 diag=0 level=false shimmer=false released=0 sec=31 toast=false -> repaint=false
[ 11.100] step moves=0 diag=0 level=false shimmer=false released=0 sec=31 toast=false -> repaint=false
[ 11.201] step moves=0 diag=0 level=false shimmer=false released=0 sec=31 toast=false -> repaint=false
[ 11.300] step moves=0 diag=0 level=false shimmer=false released=0 sec=31 toast=false -> repaint=false
[ 11.400] step moves=0 diag=0 level=false shimmer=false released=0 sec=31 toast=false -> repaint=false
[ 11.459] backingPropertiesChanged scale=2.0 screen=BenQ MA270U
[ 11.467] draw dirty=270.0x437.0@0.0,-32.0 bounds=270.0x405.0@0.0,0.0 grid=31x29 scale=2.0 screen=BenQ MA270U
[ 11.500] step moves=0 diag=0 level=false shimmer=false released=0 sec=31 toast=false -> repaint=false
[ 11.600] step moves=0 diag=0 level=false shimmer=false released=0 sec=31 toast=false -> repaint=false
[ 11.700] step moves=0 diag=0 level=false shimmer=false released=0 sec=31 toast=false -> repaint=false
[ 11.800] step moves=0 diag=0 level=false shimmer=false released=0 sec=31 toast=false -> repaint=false
[ 11.900] step moves=0 diag=0 level=false shimmer=false released=0 sec=30 toast=false -> repaint=true
[ 11.905] draw dirty=270.0x437.0@0.0,-32.0 bounds=270.0x405.0@0.0,0.0 grid=31x29 scale=2.0 screen=BenQ MA270U
[ 12.000] step moves=0 diag=0 level=false shimmer=true released=0 sec=30 toast=false -> repaint=true
[ 12.005] draw dirty=270.0x437.0@0.0,-32.0 bounds=270.0x405.0@0.0,0.0 grid=31x29 scale=2.0 screen=BenQ MA270U
[ 12.100] step moves=0 diag=0 level=false shimmer=false released=0 sec=30 toast=false -> repaint=false
[ 12.200] step moves=0 diag=0 level=false shimmer=false released=0 sec=30 toast=false -> repaint=false
[ 12.300] step moves=0 diag=0 level=false shimmer=false released=0 sec=30 toast=false -> repaint=false
[ 12.400] step moves=0 diag=0 level=false shimmer=false released=0 sec=30 toast=false -> repaint=false
[ 12.500] step moves=0 diag=0 level=false shimmer=false released=0 sec=30 toast=false -> repaint=false
[ 12.600] step moves=0 diag=0 level=false shimmer=false released=0 sec=30 toast=false -> repaint=false
[ 12.700] step moves=0 diag=0 level=false shimmer=false released=0 sec=30 toast=false -> repaint=false
[ 12.800] step moves=0 diag=0 level=false shimmer=false released=0 sec=30 toast=false -> repaint=false
[ 12.901] step moves=0 diag=0 level=false shimmer=false released=0 sec=29 toast=false -> repaint=true
[ 12.902] draw dirty=270.0x437.0@0.0,-32.0 bounds=270.0x405.0@0.0,0.0 grid=31x29 scale=2.0 screen=BenQ MA270U
[ 13.000] step moves=0 diag=0 level=false shimmer=true released=0 sec=29 toast=false -> repaint=true
[ 13.001] draw dirty=270.0x437.0@0.0,-32.0 bounds=270.0x405.0@0.0,0.0 grid=31x29 scale=2.0 screen=BenQ MA270U
[ 13.101] step moves=0 diag=0 level=false shimmer=false released=0 sec=29 toast=false -> repaint=false
[ 13.201] step moves=0 diag=0 level=false shimmer=false released=0 sec=29 toast=false -> repaint=false
[ 13.301] step moves=0 diag=0 level=false shimmer=false released=0 sec=29 toast=false -> repaint=false
[ 13.400] step moves=0 diag=0 level=false shimmer=false released=0 sec=29 toast=false -> repaint=false
[ 13.501] step moves=0 diag=0 level=false shimmer=false released=0 sec=29 toast=false -> repaint=false
[ 13.601] step moves=0 diag=0 level=false shimmer=false released=0 sec=29 toast=false -> repaint=false
[ 13.701] step moves=0 diag=0 level=false shimmer=false released=0 sec=29 toast=false -> repaint=false
[ 13.801] step moves=0 diag=0 level=false shimmer=false released=0 sec=29 toast=false -> repaint=false
[ 13.901] step moves=0 diag=0 level=false shimmer=false released=0 sec=28 toast=false -> repaint=true
[ 13.902] draw dirty=270.0x437.0@0.0,-32.0 bounds=270.0x405.0@0.0,0.0 grid=31x29 scale=2.0 screen=BenQ MA270U
[ 14.001] step moves=0 diag=0 level=false shimmer=true released=0 sec=28 toast=false -> repaint=true
[ 14.002] draw dirty=270.0x437.0@0.0,-32.0 bounds=270.0x405.0@0.0,0.0 grid=31x29 scale=2.0 screen=BenQ MA270U
[ 14.100] step moves=0 diag=0 level=false shimmer=false released=0 sec=28 toast=false -> repaint=false
[ 14.201] step moves=0 diag=0 level=false shimmer=false released=0 sec=28 toast=false -> repaint=false
[ 14.300] step moves=0 diag=0 level=false shimmer=false released=0 sec=28 toast=false -> repaint=false
[ 14.400] step moves=0 diag=0 level=false shimmer=false released=0 sec=28 toast=false -> repaint=false
[ 14.500] step moves=0 diag=0 level=false shimmer=false released=0 sec=28 toast=false -> repaint=false
[ 14.600] step moves=0 diag=0 level=false shimmer=false released=0 sec=28 toast=false -> repaint=false
[ 14.701] step moves=0 diag=0 level=false shimmer=false released=0 sec=28 toast=false -> repaint=false
[ 14.801] step moves=0 diag=0 level=false shimmer=false released=0 sec=28 toast=false -> repaint=false
[ 14.901] step moves=0 diag=0 level=false shimmer=false released=0 sec=27 toast=false -> repaint=true
[ 14.902] draw dirty=270.0x437.0@0.0,-32.0 bounds=270.0x405.0@0.0,0.0 grid=31x29 scale=2.0 screen=BenQ MA270U
[ 15.001] step moves=0 diag=0 level=false shimmer=true released=0 sec=27 toast=false -> repaint=true
[ 15.002] draw dirty=270.0x437.0@0.0,-32.0 bounds=270.0x405.0@0.0,0.0 grid=31x29 scale=2.0 screen=BenQ MA270U
[ 15.100] step moves=0 diag=0 level=false shimmer=false released=0 sec=27 toast=false -> repaint=false
[ 15.200] step moves=0 diag=0 level=false shimmer=false released=0 sec=27 toast=false -> repaint=false
[ 15.300] step moves=0 diag=0 level=false shimmer=false released=0 sec=27 toast=false -> repaint=false
[ 15.400] step moves=0 diag=0 level=false shimmer=false released=0 sec=27 toast=false -> repaint=false
[ 15.500] step moves=0 diag=0 level=false shimmer=false released=0 sec=27 toast=false -> repaint=false
[ 15.600] step moves=0 diag=0 level=false shimmer=false released=0 sec=27 toast=false -> repaint=false
[ 15.700] step moves=0 diag=0 level=false shimmer=false released=0 sec=27 toast=false -> repaint=false
[ 15.801] step moves=0 diag=0 level=false shimmer=false released=0 sec=27 toast=false -> repaint=false
[ 15.900] step moves=0 diag=0 level=false shimmer=false released=0 sec=26 toast=false -> repaint=true
[ 15.905] draw dirty=270.0x437.0@0.0,-32.0 bounds=270.0x405.0@0.0,0.0 grid=31x29 scale=2.0 screen=BenQ MA270U
[ 16.000] step moves=0 diag=0 level=false shimmer=true released=0 sec=26 toast=false -> repaint=true
[ 16.005] draw dirty=270.0x437.0@0.0,-32.0 bounds=270.0x405.0@0.0,0.0 grid=31x29 scale=2.0 screen=BenQ MA270U
[ 16.100] step moves=0 diag=0 level=false shimmer=false released=0 sec=26 toast=false -> repaint=false
[ 16.200] step moves=0 diag=0 level=false shimmer=false released=0 sec=26 toast=false -> repaint=false
[ 16.300] step moves=0 diag=0 level=false shimmer=false released=0 sec=26 toast=false -> repaint=false
[ 16.400] step moves=0 diag=0 level=false shimmer=false released=0 sec=26 toast=false -> repaint=false
[ 16.501] step moves=0 diag=0 level=false shimmer=false released=0 sec=26 toast=false -> repaint=false
[ 16.601] step moves=0 diag=0 level=false shimmer=false released=0 sec=26 toast=false -> repaint=false
[ 16.700] step moves=0 diag=0 level=false shimmer=false released=0 sec=26 toast=false -> repaint=false
[ 16.800] step moves=0 diag=0 level=false shimmer=false released=0 sec=26 toast=false -> repaint=false
[ 16.901] step moves=0 diag=0 level=false shimmer=false released=0 sec=25 toast=false -> repaint=true
[ 16.901] draw dirty=270.0x437.0@0.0,-32.0 bounds=270.0x405.0@0.0,0.0 grid=31x29 scale=2.0 screen=BenQ MA270U
[ 17.001] step moves=0 diag=0 level=false shimmer=true released=0 sec=25 toast=false -> repaint=true
[ 17.001] draw dirty=270.0x437.0@0.0,-32.0 bounds=270.0x405.0@0.0,0.0 grid=31x29 scale=2.0 screen=BenQ MA270U
[ 17.100] step moves=0 diag=0 level=false shimmer=false released=0 sec=25 toast=false -> repaint=false
[ 17.200] step moves=0 diag=0 level=false shimmer=false released=0 sec=25 toast=false -> repaint=false
[ 17.300] step moves=0 diag=0 level=false shimmer=false released=0 sec=25 toast=false -> repaint=false
[ 17.400] step moves=0 diag=0 level=false shimmer=false released=0 sec=25 toast=false -> repaint=false
[ 17.500] step moves=0 diag=0 level=false shimmer=false released=0 sec=25 toast=false -> repaint=false
[ 17.600] step moves=0 diag=0 level=false shimmer=false released=0 sec=25 toast=false -> repaint=false
[ 17.700] step moves=0 diag=0 level=false shimmer=false released=0 sec=25 toast=false -> repaint=false
[ 17.800] step moves=0 diag=0 level=false shimmer=false released=0 sec=25 toast=false -> repaint=false
[ 17.900] step moves=0 diag=0 level=false shimmer=false released=0 sec=24 toast=false -> repaint=true
[ 17.901] draw dirty=270.0x437.0@0.0,-32.0 bounds=270.0x405.0@0.0,0.0 grid=31x29 scale=2.0 screen=BenQ MA270U
[ 18.000] step moves=0 diag=0 level=false shimmer=false released=0 sec=24 toast=false -> repaint=false
[ 18.104] step moves=0 diag=0 level=false shimmer=false released=0 sec=24 toast=false -> repaint=false
[ 18.201] step moves=0 diag=0 level=false shimmer=false released=0 sec=24 toast=false -> repaint=false
[ 18.301] step moves=0 diag=0 level=false shimmer=false released=0 sec=24 toast=false -> repaint=false
[ 18.400] step moves=0 diag=0 level=false shimmer=false released=0 sec=24 toast=false -> repaint=false
[ 18.500] step moves=0 diag=0 level=false shimmer=false released=0 sec=24 toast=false -> repaint=false
[ 18.600] step moves=0 diag=0 level=false shimmer=false released=0 sec=24 toast=false -> repaint=false
[ 18.701] step moves=0 diag=0 level=false shimmer=false released=0 sec=24 toast=false -> repaint=false
[ 18.800] step moves=0 diag=0 level=false shimmer=false released=0 sec=24 toast=false -> repaint=false
[ 18.901] step moves=0 diag=0 level=false shimmer=false released=0 sec=23 toast=false -> repaint=true
[ 18.901] draw dirty=270.0x437.0@0.0,-32.0 bounds=270.0x405.0@0.0,0.0 grid=31x29 scale=2.0 screen=BenQ MA270U
[ 19.001] step moves=0 diag=0 level=false shimmer=false released=0 sec=23 toast=false -> repaint=false
[ 19.100] step moves=0 diag=0 level=false shimmer=false released=0 sec=23 toast=false -> repaint=false
[ 19.200] step moves=0 diag=0 level=false shimmer=false released=0 sec=23 toast=false -> repaint=false
[ 19.300] step moves=0 diag=0 level=false shimmer=false released=0 sec=23 toast=false -> repaint=false
[ 19.400] step moves=0 diag=0 level=false shimmer=false released=0 sec=23 toast=false -> repaint=false
[ 19.500] step moves=0 diag=0 level=false shimmer=false released=0 sec=23 toast=false -> repaint=false
[ 19.600] step moves=0 diag=0 level=false shimmer=false released=0 sec=23 toast=false -> repaint=false
[ 19.700] step moves=0 diag=0 level=false shimmer=false released=0 sec=23 toast=false -> repaint=false
[ 19.800] step moves=0 diag=0 level=false shimmer=false released=0 sec=23 toast=false -> repaint=false
[ 19.900] step moves=0 diag=0 level=false shimmer=false released=0 sec=22 toast=false -> repaint=true
[ 19.905] draw dirty=270.0x437.0@0.0,-32.0 bounds=270.0x405.0@0.0,0.0 grid=31x29 scale=2.0 screen=BenQ MA270U
[ 20.001] step moves=0 diag=0 level=false shimmer=false released=0 sec=22 toast=false -> repaint=false
[ 20.100] step moves=0 diag=0 level=false shimmer=false released=0 sec=22 toast=false -> repaint=false
[ 20.201] step moves=0 diag=0 level=false shimmer=false released=0 sec=22 toast=false -> repaint=false
[ 20.301] step moves=0 diag=0 level=false shimmer=false released=0 sec=22 toast=false -> repaint=false
[ 20.400] step moves=0 diag=0 level=false shimmer=false released=0 sec=22 toast=false -> repaint=false
[ 20.500] step moves=0 diag=0 level=false shimmer=false released=0 sec=22 toast=false -> repaint=false
[ 20.601] step moves=0 diag=0 level=false shimmer=false released=0 sec=22 toast=false -> repaint=false
[ 20.700] step moves=0 diag=0 level=false shimmer=false released=0 sec=22 toast=false -> repaint=false
[ 20.800] step moves=0 diag=0 level=false shimmer=false released=0 sec=22 toast=false -> repaint=false
[ 20.900] step moves=0 diag=0 level=false shimmer=false released=0 sec=21 toast=false -> repaint=true
[ 20.900] draw dirty=270.0x437.0@0.0,-32.0 bounds=270.0x405.0@0.0,0.0 grid=31x29 scale=2.0 screen=BenQ MA270U
[ 21.000] step moves=0 diag=0 level=false shimmer=true released=0 sec=21 toast=false -> repaint=true
[ 21.005] draw dirty=270.0x437.0@0.0,-32.0 bounds=270.0x405.0@0.0,0.0 grid=31x29 scale=2.0 screen=BenQ MA270U
[ 21.100] step moves=0 diag=0 level=false shimmer=false released=0 sec=21 toast=false -> repaint=false
[ 21.200] step moves=0 diag=0 level=false shimmer=false released=0 sec=21 toast=false -> repaint=false
[ 21.300] step moves=0 diag=0 level=false shimmer=false released=0 sec=21 toast=false -> repaint=false
[ 21.400] step moves=0 diag=0 level=false shimmer=false released=0 sec=21 toast=false -> repaint=false
[ 21.500] step moves=0 diag=0 level=false shimmer=false released=0 sec=21 toast=false -> repaint=false
[ 21.602] step moves=0 diag=0 level=false shimmer=false released=0 sec=21 toast=false -> repaint=false
[ 21.700] step moves=0 diag=0 level=false shimmer=false released=0 sec=21 toast=false -> repaint=false
[ 21.801] step moves=0 diag=0 level=false shimmer=false released=0 sec=21 toast=false -> repaint=false
[ 21.900] step moves=0 diag=0 level=false shimmer=false released=0 sec=20 toast=false -> repaint=true
[ 21.901] draw dirty=270.0x437.0@0.0,-32.0 bounds=270.0x405.0@0.0,0.0 grid=31x29 scale=2.0 screen=BenQ MA270U
[ 22.001] step moves=0 diag=0 level=false shimmer=true released=0 sec=20 toast=false -> repaint=true
[ 22.001] draw dirty=270.0x437.0@0.0,-32.0 bounds=270.0x405.0@0.0,0.0 grid=31x29 scale=2.0 screen=BenQ MA270U
[ 22.100] step moves=0 diag=0 level=false shimmer=false released=0 sec=20 toast=false -> repaint=false
[ 22.200] step moves=0 diag=0 level=false shimmer=false released=0 sec=20 toast=false -> repaint=false
[ 22.300] step moves=0 diag=0 level=false shimmer=false released=0 sec=20 toast=false -> repaint=false
[ 22.400] step moves=0 diag=0 level=false shimmer=false released=0 sec=20 toast=false -> repaint=false
[ 22.500] step moves=0 diag=0 level=false shimmer=false released=0 sec=20 toast=false -> repaint=false
[ 22.600] step moves=0 diag=0 level=false shimmer=false released=0 sec=20 toast=false -> repaint=false
[ 22.700] step moves=0 diag=0 level=false shimmer=false released=0 sec=20 toast=false -> repaint=false
[ 22.801] step moves=0 diag=0 level=false shimmer=false released=0 sec=20 toast=false -> repaint=false
[ 22.901] step moves=0 diag=0 level=false shimmer=false released=0 sec=19 toast=false -> repaint=true
[ 22.901] draw dirty=270.0x437.0@0.0,-32.0 bounds=270.0x405.0@0.0,0.0 grid=31x29 scale=2.0 screen=BenQ MA270U
[ 23.001] step moves=0 diag=0 level=false shimmer=true released=0 sec=19 toast=false -> repaint=true
[ 23.001] draw dirty=270.0x437.0@0.0,-32.0 bounds=270.0x405.0@0.0,0.0 grid=31x29 scale=2.0 screen=BenQ MA270U
[ 23.100] step moves=0 diag=0 level=false shimmer=false released=0 sec=19 toast=false -> repaint=false
[ 23.201] step moves=0 diag=0 level=false shimmer=false released=0 sec=19 toast=false -> repaint=false
[ 23.300] step moves=0 diag=0 level=false shimmer=false released=0 sec=19 toast=false -> repaint=false
[ 23.401] step moves=0 diag=0 level=false shimmer=false released=0 sec=19 toast=false -> repaint=false
[ 23.501] step moves=0 diag=0 level=false shimmer=false released=0 sec=19 toast=false -> repaint=false
[ 23.601] step moves=0 diag=0 level=false shimmer=false released=0 sec=19 toast=false -> repaint=false
[ 23.701] step moves=0 diag=0 level=false shimmer=false released=0 sec=19 toast=false -> repaint=false
[ 23.800] step moves=0 diag=0 level=false shimmer=false released=0 sec=19 toast=false -> repaint=false
[ 23.900] step moves=0 diag=0 level=false shimmer=false released=0 sec=18 toast=false -> repaint=true
[ 23.900] draw dirty=270.0x437.0@0.0,-32.0 bounds=270.0x405.0@0.0,0.0 grid=31x29 scale=2.0 screen=BenQ MA270U
[ 24.000] step moves=0 diag=0 level=false shimmer=true released=0 sec=18 toast=false -> repaint=true
[ 24.000] draw dirty=270.0x437.0@0.0,-32.0 bounds=270.0x405.0@0.0,0.0 grid=31x29 scale=2.0 screen=BenQ MA270U
[ 24.100] step moves=0 diag=0 level=false shimmer=false released=0 sec=18 toast=false -> repaint=false
[ 24.200] step moves=0 diag=0 level=false shimmer=false released=0 sec=18 toast=false -> repaint=false
[ 24.300] step moves=0 diag=0 level=false shimmer=false released=0 sec=18 toast=false -> repaint=false
[ 24.401] step moves=0 diag=0 level=false shimmer=false released=0 sec=18 toast=false -> repaint=false
[ 24.500] step moves=0 diag=0 level=false shimmer=false released=0 sec=18 toast=false -> repaint=false
[ 24.600] step moves=0 diag=0 level=false shimmer=false released=0 sec=18 toast=false -> repaint=false
[ 24.701] step moves=0 diag=0 level=false shimmer=false released=0 sec=18 toast=false -> repaint=false
[ 24.801] step moves=0 diag=0 level=false shimmer=false released=0 sec=18 toast=false -> repaint=false
[ 24.901] step moves=0 diag=0 level=false shimmer=false released=0 sec=17 toast=false -> repaint=true
[ 24.901] draw dirty=270.0x437.0@0.0,-32.0 bounds=270.0x405.0@0.0,0.0 grid=31x29 scale=2.0 screen=BenQ MA270U
[ 25.001] step moves=0 diag=0 level=false shimmer=true released=0 sec=17 toast=false -> repaint=true
[ 25.002] draw dirty=270.0x437.0@0.0,-32.0 bounds=270.0x405.0@0.0,0.0 grid=31x29 scale=2.0 screen=BenQ MA270U
[ 25.100] step moves=0 diag=0 level=false shimmer=false released=0 sec=17 toast=false -> repaint=false
[ 25.201] step moves=0 diag=0 level=false shimmer=false released=0 sec=17 toast=false -> repaint=false
[ 25.301] step moves=0 diag=0 level=false shimmer=false released=0 sec=17 toast=false -> repaint=false
[ 25.401] step moves=0 diag=0 level=false shimmer=false released=0 sec=17 toast=false -> repaint=false
[ 25.501] step moves=0 diag=0 level=false shimmer=false released=0 sec=17 toast=false -> repaint=false
[ 25.601] step moves=0 diag=0 level=false shimmer=false released=0 sec=17 toast=false -> repaint=false
[ 25.701] step moves=0 diag=0 level=false shimmer=false released=0 sec=17 toast=false -> repaint=false
[ 25.801] step moves=0 diag=0 level=false shimmer=false released=0 sec=17 toast=false -> repaint=false
[ 25.900] step moves=0 diag=0 level=false shimmer=false released=0 sec=16 toast=false -> repaint=true
[ 25.900] draw dirty=270.0x437.0@0.0,-32.0 bounds=270.0x405.0@0.0,0.0 grid=31x29 scale=2.0 screen=BenQ MA270U
[ 26.001] step moves=0 diag=0 level=false shimmer=true released=0 sec=16 toast=false -> repaint=true
[ 26.001] draw dirty=270.0x437.0@0.0,-32.0 bounds=270.0x405.0@0.0,0.0 grid=31x29 scale=2.0 screen=BenQ MA270U
[ 26.104] step moves=0 diag=0 level=false shimmer=false released=0 sec=16 toast=false -> repaint=false
[ 26.201] step moves=0 diag=0 level=false shimmer=false released=0 sec=16 toast=false -> repaint=false
[ 26.301] step moves=0 diag=0 level=false shimmer=false released=0 sec=16 toast=false -> repaint=false
[ 26.400] step moves=0 diag=0 level=false shimmer=false released=0 sec=16 toast=false -> repaint=false
[ 26.500] step moves=0 diag=0 level=false shimmer=false released=0 sec=16 toast=false -> repaint=false
[ 26.601] step moves=0 diag=0 level=false shimmer=false released=0 sec=16 toast=false -> repaint=false
[ 26.701] step moves=0 diag=0 level=false shimmer=false released=0 sec=16 toast=false -> repaint=false
[ 26.801] step moves=0 diag=0 level=false shimmer=false released=0 sec=16 toast=false -> repaint=false
[ 26.901] step moves=0 diag=0 level=false shimmer=false released=0 sec=15 toast=false -> repaint=true
[ 26.901] draw dirty=270.0x437.0@0.0,-32.0 bounds=270.0x405.0@0.0,0.0 grid=31x29 scale=2.0 screen=BenQ MA270U
[ 27.001] step moves=0 diag=0 level=false shimmer=true released=0 sec=15 toast=false -> repaint=true
[ 27.001] draw dirty=270.0x437.0@0.0,-32.0 bounds=270.0x405.0@0.0,0.0 grid=31x29 scale=2.0 screen=BenQ MA270U
[ 27.100] step moves=0 diag=0 level=false shimmer=false released=0 sec=15 toast=false -> repaint=false
[ 27.201] step moves=0 diag=0 level=false shimmer=false released=0 sec=15 toast=false -> repaint=false
[ 27.300] step moves=0 diag=0 level=false shimmer=false released=0 sec=15 toast=false -> repaint=false
[ 27.400] step moves=0 diag=0 level=false shimmer=false released=0 sec=15 toast=false -> repaint=false
[ 27.501] step moves=0 diag=0 level=false shimmer=false released=0 sec=15 toast=false -> repaint=false
[ 27.601] step moves=0 diag=0 level=false shimmer=false released=0 sec=15 toast=false -> repaint=false
[ 27.700] step moves=0 diag=0 level=false shimmer=false released=0 sec=15 toast=false -> repaint=false
[ 27.801] step moves=0 diag=0 level=false shimmer=false released=0 sec=15 toast=false -> repaint=false
[ 27.901] step moves=0 diag=0 level=false shimmer=false released=0 sec=14 toast=false -> repaint=true
[ 27.901] draw dirty=270.0x437.0@0.0,-32.0 bounds=270.0x405.0@0.0,0.0 grid=31x29 scale=2.0 screen=BenQ MA270U
[ 28.001] step moves=0 diag=0 level=false shimmer=true released=0 sec=14 toast=false -> repaint=true
[ 28.002] draw dirty=270.0x437.0@0.0,-32.0 bounds=270.0x405.0@0.0,0.0 grid=31x29 scale=2.0 screen=BenQ MA270U
[ 28.100] step moves=0 diag=0 level=false shimmer=false released=0 sec=14 toast=false -> repaint=false
[ 28.200] step moves=0 diag=0 level=false shimmer=false released=0 sec=14 toast=false -> repaint=false
[ 28.301] step moves=0 diag=0 level=false shimmer=false released=0 sec=14 toast=false -> repaint=false
[ 28.401] step moves=0 diag=0 level=false shimmer=false released=0 sec=14 toast=false -> repaint=false
[ 28.500] step moves=0 diag=0 level=false shimmer=false released=0 sec=14 toast=false -> repaint=false
[ 28.600] step moves=0 diag=0 level=false shimmer=false released=0 sec=14 toast=false -> repaint=false
[ 28.701] step moves=0 diag=0 level=false shimmer=false released=0 sec=14 toast=false -> repaint=false
[ 28.801] step moves=0 diag=0 level=false shimmer=false released=0 sec=14 toast=false -> repaint=false
[ 28.901] step moves=0 diag=0 level=false shimmer=false released=0 sec=13 toast=false -> repaint=true
[ 28.901] draw dirty=270.0x437.0@0.0,-32.0 bounds=270.0x405.0@0.0,0.0 grid=31x29 scale=2.0 screen=BenQ MA270U
[ 29.001] step moves=0 diag=0 level=false shimmer=false released=0 sec=13 toast=false -> repaint=false
[ 29.100] step moves=0 diag=0 level=false shimmer=false released=0 sec=13 toast=false -> repaint=false
[ 29.201] step moves=0 diag=0 level=false shimmer=false released=0 sec=13 toast=false -> repaint=false
[ 29.300] step moves=0 diag=0 level=false shimmer=false released=0 sec=13 toast=false -> repaint=false
[ 29.400] step moves=0 diag=0 level=false shimmer=false released=0 sec=13 toast=false -> repaint=false
[ 29.500] step moves=0 diag=0 level=false shimmer=false released=0 sec=13 toast=false -> repaint=false
[ 29.601] step moves=0 diag=0 level=false shimmer=false released=0 sec=13 toast=false -> repaint=false
[ 29.701] step moves=0 diag=0 level=false shimmer=false released=0 sec=13 toast=false -> repaint=false
[ 29.800] step moves=0 diag=0 level=false shimmer=false released=0 sec=13 toast=false -> repaint=false
[ 29.901] step moves=0 diag=0 level=false shimmer=false released=0 sec=12 toast=false -> repaint=true
[ 29.901] draw dirty=270.0x437.0@0.0,-32.0 bounds=270.0x405.0@0.0,0.0 grid=31x29 scale=2.0 screen=BenQ MA270U
[ 30.001] step moves=0 diag=0 level=false shimmer=true released=0 sec=12 toast=false -> repaint=true
[ 30.001] draw dirty=270.0x437.0@0.0,-32.0 bounds=270.0x405.0@0.0,0.0 grid=31x29 scale=2.0 screen=BenQ MA270U
[ 30.101] step moves=0 diag=0 level=false shimmer=false released=0 sec=12 toast=false -> repaint=false
[ 30.201] step moves=0 diag=0 level=false shimmer=false released=0 sec=12 toast=false -> repaint=false
[ 30.301] step moves=0 diag=0 level=false shimmer=false released=0 sec=12 toast=false -> repaint=false
[ 30.401] step moves=0 diag=0 level=false shimmer=false released=0 sec=12 toast=false -> repaint=false
[ 30.501] step moves=0 diag=0 level=false shimmer=false released=0 sec=12 toast=false -> repaint=false
[ 30.601] step moves=0 diag=0 level=false shimmer=false released=0 sec=12 toast=false -> repaint=false
[ 30.701] step moves=0 diag=0 level=false shimmer=false released=0 sec=12 toast=false -> repaint=false
[ 30.801] step moves=0 diag=0 level=false shimmer=false released=0 sec=12 toast=false -> repaint=false
[ 30.901] step moves=0 diag=0 level=false shimmer=false released=0 sec=11 toast=false -> repaint=true
[ 30.901] draw dirty=270.0x437.0@0.0,-32.0 bounds=270.0x405.0@0.0,0.0 grid=31x29 scale=2.0 screen=BenQ MA270U
[ 31.001] step moves=0 diag=0 level=false shimmer=false released=0 sec=11 toast=false -> repaint=false
[ 31.100] step moves=0 diag=0 level=false shimmer=false released=0 sec=11 toast=false -> repaint=false
[ 31.200] step moves=0 diag=0 level=false shimmer=false released=0 sec=11 toast=false -> repaint=false
[ 31.301] step moves=0 diag=0 level=false shimmer=false released=0 sec=11 toast=false -> repaint=false
[ 31.400] step moves=0 diag=0 level=false shimmer=false released=0 sec=11 toast=false -> repaint=false
[ 31.500] step moves=0 diag=0 level=false shimmer=false released=0 sec=11 toast=false -> repaint=false
[ 31.600] step moves=0 diag=0 level=false shimmer=false released=0 sec=11 toast=false -> repaint=false
[ 31.700] step moves=0 diag=0 level=false shimmer=false released=0 sec=11 toast=false -> repaint=false
[ 31.800] step moves=0 diag=0 level=false shimmer=false released=0 sec=11 toast=false -> repaint=false
[ 31.901] step moves=0 diag=0 level=false shimmer=false released=0 sec=10 toast=false -> repaint=true
[ 31.901] draw dirty=270.0x437.0@0.0,-32.0 bounds=270.0x405.0@0.0,0.0 grid=31x29 scale=2.0 screen=BenQ MA270U
[ 32.001] step moves=0 diag=0 level=false shimmer=true released=0 sec=10 toast=false -> repaint=true
[ 32.001] draw dirty=270.0x437.0@0.0,-32.0 bounds=270.0x405.0@0.0,0.0 grid=31x29 scale=2.0 screen=BenQ MA270U
[ 32.100] step moves=0 diag=0 level=false shimmer=false released=0 sec=10 toast=false -> repaint=false
[ 32.199] step moves=0 diag=0 level=false shimmer=false released=0 sec=10 toast=false -> repaint=false
[ 32.300] step moves=0 diag=0 level=false shimmer=false released=0 sec=10 toast=false -> repaint=false
[ 32.401] step moves=0 diag=0 level=false shimmer=false released=0 sec=10 toast=false -> repaint=false
[ 32.500] step moves=0 diag=0 level=false shimmer=false released=0 sec=10 toast=false -> repaint=false
[ 32.601] step moves=0 diag=0 level=false shimmer=false released=0 sec=10 toast=false -> repaint=false
[ 32.701] step moves=0 diag=0 level=false shimmer=false released=0 sec=10 toast=false -> repaint=false
[ 32.801] step moves=0 diag=0 level=false shimmer=false released=0 sec=10 toast=false -> repaint=false
[ 32.901] step moves=0 diag=0 level=false shimmer=false released=0 sec=9 toast=false -> repaint=true
[ 32.902] draw dirty=270.0x437.0@0.0,-32.0 bounds=270.0x405.0@0.0,0.0 grid=31x29 scale=2.0 screen=BenQ MA270U
[ 33.001] step moves=0 diag=0 level=false shimmer=true released=0 sec=9 toast=false -> repaint=true
[ 33.001] draw dirty=270.0x437.0@0.0,-32.0 bounds=270.0x405.0@0.0,0.0 grid=31x29 scale=2.0 screen=BenQ MA270U
[ 33.100] step moves=0 diag=0 level=false shimmer=false released=0 sec=9 toast=false -> repaint=false
[ 33.201] step moves=0 diag=0 level=false shimmer=false released=0 sec=9 toast=false -> repaint=false
[ 33.300] step moves=0 diag=0 level=false shimmer=false released=0 sec=9 toast=false -> repaint=false
[ 33.400] step moves=0 diag=0 level=false shimmer=false released=0 sec=9 toast=false -> repaint=false
[ 33.501] step moves=0 diag=0 level=false shimmer=false released=0 sec=9 toast=false -> repaint=false
[ 33.600] step moves=0 diag=0 level=false shimmer=false released=0 sec=9 toast=false -> repaint=false
[ 33.700] step moves=0 diag=0 level=false shimmer=false released=0 sec=9 toast=false -> repaint=false
[ 33.800] step moves=0 diag=0 level=false shimmer=false released=0 sec=9 toast=false -> repaint=false
[ 33.900] step moves=0 diag=0 level=false shimmer=false released=0 sec=8 toast=false -> repaint=true
[ 33.900] draw dirty=270.0x437.0@0.0,-32.0 bounds=270.0x405.0@0.0,0.0 grid=31x29 scale=2.0 screen=BenQ MA270U
[ 34.000] step moves=0 diag=0 level=false shimmer=true released=0 sec=8 toast=false -> repaint=true
[ 34.001] draw dirty=270.0x437.0@0.0,-32.0 bounds=270.0x405.0@0.0,0.0 grid=31x29 scale=2.0 screen=BenQ MA270U
[ 34.102] step moves=0 diag=0 level=false shimmer=false released=0 sec=8 toast=false -> repaint=false
[ 34.201] step moves=0 diag=0 level=false shimmer=false released=0 sec=8 toast=false -> repaint=false
[ 34.299] step moves=0 diag=0 level=false shimmer=false released=0 sec=8 toast=false -> repaint=false
[ 34.401] step moves=0 diag=0 level=false shimmer=false released=0 sec=8 toast=false -> repaint=false
[ 34.501] step moves=0 diag=0 level=false shimmer=false released=0 sec=8 toast=false -> repaint=false
[ 34.600] step moves=0 diag=0 level=false shimmer=false released=0 sec=8 toast=false -> repaint=false
[ 34.700] step moves=0 diag=0 level=false shimmer=false released=0 sec=8 toast=false -> repaint=false
[ 34.801] step moves=0 diag=0 level=false shimmer=false released=0 sec=8 toast=false -> repaint=false
[ 34.900] step moves=0 diag=0 level=false shimmer=false released=0 sec=7 toast=false -> repaint=true
[ 34.901] draw dirty=270.0x437.0@0.0,-32.0 bounds=270.0x405.0@0.0,0.0 grid=31x29 scale=2.0 screen=BenQ MA270U
[ 35.000] step moves=0 diag=0 level=false shimmer=true released=0 sec=7 toast=false -> repaint=true
[ 35.001] draw dirty=270.0x437.0@0.0,-32.0 bounds=270.0x405.0@0.0,0.0 grid=31x29 scale=2.0 screen=BenQ MA270U
[ 35.100] step moves=0 diag=0 level=false shimmer=false released=0 sec=7 toast=false -> repaint=false
[ 35.200] step moves=0 diag=0 level=false shimmer=false released=0 sec=7 toast=false -> repaint=false
[ 35.300] step moves=0 diag=0 level=false shimmer=false released=0 sec=7 toast=false -> repaint=false
[ 35.400] step moves=0 diag=0 level=false shimmer=false released=0 sec=7 toast=false -> repaint=false
[ 35.500] step moves=0 diag=0 level=false shimmer=false released=0 sec=7 toast=false -> repaint=false
[ 35.600] step moves=0 diag=0 level=false shimmer=false released=0 sec=7 toast=false -> repaint=false
[ 35.700] step moves=0 diag=0 level=false shimmer=false released=0 sec=7 toast=false -> repaint=false
[ 35.801] step moves=0 diag=0 level=false shimmer=false released=0 sec=7 toast=false -> repaint=false
[ 35.900] step moves=0 diag=0 level=false shimmer=false released=0 sec=6 toast=false -> repaint=true
[ 35.902] draw dirty=270.0x437.0@0.0,-32.0 bounds=270.0x405.0@0.0,0.0 grid=31x29 scale=2.0 screen=BenQ MA270U
[ 35.999] step moves=0 diag=0 level=false shimmer=true released=0 sec=6 toast=false -> repaint=true
[ 36.000] draw dirty=270.0x437.0@0.0,-32.0 bounds=270.0x405.0@0.0,0.0 grid=31x29 scale=2.0 screen=BenQ MA270U
[ 36.099] step moves=0 diag=0 level=false shimmer=false released=0 sec=6 toast=false -> repaint=false
[ 36.200] step moves=0 diag=0 level=false shimmer=false released=0 sec=6 toast=false -> repaint=false
[ 36.300] step moves=0 diag=0 level=false shimmer=false released=0 sec=6 toast=false -> repaint=false
[ 36.400] step moves=0 diag=0 level=false shimmer=false released=0 sec=6 toast=false -> repaint=false
[ 36.500] step moves=0 diag=0 level=false shimmer=false released=0 sec=6 toast=false -> repaint=false
[ 36.600] step moves=0 diag=0 level=false shimmer=false released=0 sec=6 toast=false -> repaint=false
[ 36.700] step moves=0 diag=0 level=false shimmer=false released=0 sec=6 toast=false -> repaint=false
[ 36.801] step moves=0 diag=0 level=false shimmer=false released=0 sec=6 toast=false -> repaint=false
[ 36.900] step moves=0 diag=0 level=false shimmer=false released=0 sec=5 toast=false -> repaint=true
[ 36.901] draw dirty=270.0x437.0@0.0,-32.0 bounds=270.0x405.0@0.0,0.0 grid=31x29 scale=2.0 screen=BenQ MA270U
[ 37.000] step moves=0 diag=0 level=false shimmer=true released=0 sec=5 toast=false -> repaint=true
[ 37.001] draw dirty=270.0x437.0@0.0,-32.0 bounds=270.0x405.0@0.0,0.0 grid=31x29 scale=2.0 screen=BenQ MA270U
[ 37.100] step moves=0 diag=0 level=false shimmer=false released=0 sec=5 toast=false -> repaint=false
[ 37.200] step moves=0 diag=0 level=false shimmer=false released=0 sec=5 toast=false -> repaint=false
[ 37.300] step moves=0 diag=0 level=false shimmer=false released=0 sec=5 toast=false -> repaint=false
[ 37.400] step moves=0 diag=0 level=false shimmer=false released=0 sec=5 toast=false -> repaint=false
[ 37.500] step moves=0 diag=0 level=false shimmer=false released=0 sec=5 toast=false -> repaint=false
[ 37.599] step moves=0 diag=0 level=false shimmer=false released=0 sec=5 toast=false -> repaint=false
[ 37.700] step moves=0 diag=0 level=false shimmer=false released=0 sec=5 toast=false -> repaint=false
[ 37.800] step moves=0 diag=0 level=false shimmer=false released=0 sec=5 toast=false -> repaint=false
[ 37.900] step moves=0 diag=0 level=false shimmer=false released=0 sec=4 toast=false -> repaint=true
[ 37.901] draw dirty=270.0x437.0@0.0,-32.0 bounds=270.0x405.0@0.0,0.0 grid=31x29 scale=2.0 screen=BenQ MA270U
[ 38.000] step moves=0 diag=0 level=false shimmer=true released=0 sec=4 toast=false -> repaint=true
[ 38.001] draw dirty=270.0x437.0@0.0,-32.0 bounds=270.0x405.0@0.0,0.0 grid=31x29 scale=2.0 screen=BenQ MA270U
[ 38.099] step moves=0 diag=0 level=false shimmer=false released=0 sec=4 toast=false -> repaint=false
[ 38.200] step moves=0 diag=0 level=false shimmer=false released=0 sec=4 toast=false -> repaint=false
[ 38.299] step moves=0 diag=0 level=false shimmer=false released=0 sec=4 toast=false -> repaint=false
[ 38.399] step moves=0 diag=0 level=false shimmer=false released=0 sec=4 toast=false -> repaint=false
[ 38.500] step moves=0 diag=0 level=false shimmer=false released=0 sec=4 toast=false -> repaint=false
[ 38.600] step moves=0 diag=0 level=false shimmer=false released=0 sec=4 toast=false -> repaint=false
[ 38.700] step moves=0 diag=0 level=false shimmer=false released=0 sec=4 toast=false -> repaint=false
[ 38.799] step moves=0 diag=0 level=false shimmer=false released=0 sec=4 toast=false -> repaint=false
[ 38.900] step moves=0 diag=0 level=false shimmer=false released=0 sec=3 toast=false -> repaint=true
[ 38.901] draw dirty=270.0x437.0@0.0,-32.0 bounds=270.0x405.0@0.0,0.0 grid=31x29 scale=2.0 screen=BenQ MA270U
[ 39.000] step moves=0 diag=0 level=false shimmer=true released=0 sec=3 toast=false -> repaint=true
[ 39.001] draw dirty=270.0x437.0@0.0,-32.0 bounds=270.0x405.0@0.0,0.0 grid=31x29 scale=2.0 screen=BenQ MA270U
[ 39.100] step moves=0 diag=0 level=false shimmer=false released=0 sec=3 toast=false -> repaint=false
[ 39.200] step moves=0 diag=0 level=false shimmer=false released=0 sec=3 toast=false -> repaint=false
[ 39.300] step moves=0 diag=0 level=false shimmer=false released=0 sec=3 toast=false -> repaint=false
[ 39.400] step moves=0 diag=0 level=false shimmer=false released=0 sec=3 toast=false -> repaint=false
[ 39.500] step moves=0 diag=0 level=false shimmer=false released=0 sec=3 toast=false -> repaint=false
[ 39.600] step moves=0 diag=0 level=false shimmer=false released=0 sec=3 toast=false -> repaint=false
[ 39.700] step moves=0 diag=0 level=false shimmer=false released=0 sec=3 toast=false -> repaint=false
[ 39.801] step moves=0 diag=0 level=false shimmer=false released=0 sec=3 toast=false -> repaint=false
[ 39.900] step moves=0 diag=0 level=false shimmer=false released=0 sec=2 toast=false -> repaint=true
[ 39.901] draw dirty=270.0x437.0@0.0,-32.0 bounds=270.0x405.0@0.0,0.0 grid=31x29 scale=2.0 screen=BenQ MA270U
[ 40.000] step moves=0 diag=0 level=false shimmer=true released=0 sec=2 toast=false -> repaint=true
[ 40.001] draw dirty=270.0x437.0@0.0,-32.0 bounds=270.0x405.0@0.0,0.0 grid=31x29 scale=2.0 screen=BenQ MA270U
[ 40.100] step moves=0 diag=0 level=false shimmer=false released=0 sec=2 toast=false -> repaint=false
[ 40.200] step moves=0 diag=0 level=false shimmer=false released=0 sec=2 toast=false -> repaint=false
[ 40.300] step moves=0 diag=0 level=false shimmer=false released=0 sec=2 toast=false -> repaint=false
[ 40.400] step moves=0 diag=0 level=false shimmer=false released=0 sec=2 toast=false -> repaint=false
[ 40.500] step moves=0 diag=0 level=false shimmer=false released=0 sec=2 toast=false -> repaint=false
[ 40.600] step moves=0 diag=0 level=false shimmer=false released=0 sec=2 toast=false -> repaint=false
[ 40.700] step moves=0 diag=0 level=false shimmer=false released=0 sec=2 toast=false -> repaint=false
[ 40.800] step moves=0 diag=0 level=false shimmer=false released=0 sec=2 toast=false -> repaint=false
[ 40.900] step moves=0 diag=0 level=false shimmer=false released=0 sec=1 toast=false -> repaint=true
[ 40.901] draw dirty=270.0x437.0@0.0,-32.0 bounds=270.0x405.0@0.0,0.0 grid=31x29 scale=2.0 screen=BenQ MA270U
[ 41.000] step moves=0 diag=0 level=false shimmer=true released=0 sec=1 toast=false -> repaint=true
[ 41.001] draw dirty=270.0x437.0@0.0,-32.0 bounds=270.0x405.0@0.0,0.0 grid=31x29 scale=2.0 screen=BenQ MA270U
[ 41.100] step moves=0 diag=0 level=false shimmer=false released=0 sec=1 toast=false -> repaint=false
[ 41.200] step moves=0 diag=0 level=false shimmer=false released=0 sec=1 toast=false -> repaint=false
[ 41.300] step moves=0 diag=0 level=false shimmer=false released=0 sec=1 toast=false -> repaint=false
[ 41.400] step moves=0 diag=0 level=false shimmer=false released=0 sec=1 toast=false -> repaint=false
[ 41.500] step moves=0 diag=0 level=false shimmer=false released=0 sec=1 toast=false -> repaint=false
[ 41.600] step moves=0 diag=0 level=false shimmer=false released=0 sec=1 toast=false -> repaint=false
[ 41.700] step moves=0 diag=0 level=false shimmer=false released=0 sec=1 toast=false -> repaint=false
[ 41.800] step moves=0 diag=0 level=false shimmer=false released=0 sec=1 toast=false -> repaint=false
[ 41.900] step moves=0 diag=0 level=false shimmer=false released=0 sec=0 toast=false -> repaint=true
[ 41.901] draw dirty=270.0x437.0@0.0,-32.0 bounds=270.0x405.0@0.0,0.0 grid=31x29 scale=2.0 screen=BenQ MA270U
[ 42.000] step moves=0 diag=0 level=false shimmer=true released=0 sec=0 toast=false -> repaint=true
[ 42.001] draw dirty=270.0x437.0@0.0,-32.0 bounds=270.0x405.0@0.0,0.0 grid=31x29 scale=2.0 screen=BenQ MA270U
[ 42.103] step moves=0 diag=0 level=false shimmer=false released=0 sec=0 toast=false -> repaint=false
[ 42.200] step moves=0 diag=0 level=false shimmer=false released=0 sec=0 toast=false -> repaint=false
[ 42.300] step moves=0 diag=0 level=false shimmer=false released=0 sec=0 toast=false -> repaint=false
[ 42.400] step moves=0 diag=0 level=false shimmer=false released=0 sec=0 toast=false -> repaint=false
[ 42.500] step moves=0 diag=0 level=false shimmer=false released=0 sec=0 toast=false -> repaint=false
[ 42.600] step moves=0 diag=0 level=false shimmer=false released=0 sec=0 toast=false -> repaint=false
[ 42.700] step moves=0 diag=0 level=false shimmer=false released=0 sec=0 toast=false -> repaint=false
[ 42.800] step moves=0 diag=0 level=false shimmer=false released=0 sec=0 toast=false -> repaint=false
[ 42.934] draw dirty=270.0x437.0@0.0,-32.0 bounds=270.0x405.0@0.0,0.0 grid=31x29 scale=2.0 screen=BenQ MA270U
[ 42.968] draw dirty=270.0x437.0@0.0,-32.0 bounds=270.0x405.0@0.0,0.0 grid=31x29 scale=2.0 screen=BenQ MA270U
[ 43.000] draw dirty=270.0x437.0@0.0,-32.0 bounds=270.0x405.0@0.0,0.0 grid=31x29 scale=2.0 screen=BenQ MA270U
[ 43.037] draw dirty=270.0x437.0@0.0,-32.0 bounds=270.0x405.0@0.0,0.0 grid=31x29 scale=2.0 screen=BenQ MA270U
[ 43.072] draw dirty=270.0x437.0@0.0,-32.0 bounds=270.0x405.0@0.0,0.0 grid=31x29 scale=2.0 screen=BenQ MA270U
[ 43.105] draw dirty=270.0x437.0@0.0,-32.0 bounds=270.0x405.0@0.0,0.0 grid=31x29 scale=2.0 screen=BenQ MA270U
[ 43.138] draw dirty=270.0x437.0@0.0,-32.0 bounds=270.0x405.0@0.0,0.0 grid=31x29 scale=2.0 screen=BenQ MA270U
[ 43.172] draw dirty=270.0x437.0@0.0,-32.0 bounds=270.0x405.0@0.0,0.0 grid=31x29 scale=2.0 screen=BenQ MA270U
[ 43.205] draw dirty=270.0x437.0@0.0,-32.0 bounds=270.0x405.0@0.0,0.0 grid=31x29 scale=2.0 screen=BenQ MA270U
[ 43.238] draw dirty=270.0x437.0@0.0,-32.0 bounds=270.0x405.0@0.0,0.0 grid=31x29 scale=2.0 screen=BenQ MA270U
[ 43.272] draw dirty=270.0x437.0@0.0,-32.0 bounds=270.0x405.0@0.0,0.0 grid=31x29 scale=2.0 screen=BenQ MA270U
[ 43.305] draw dirty=270.0x437.0@0.0,-32.0 bounds=270.0x405.0@0.0,0.0 grid=31x29 scale=2.0 screen=BenQ MA270U
[ 43.338] draw dirty=270.0x437.0@0.0,-32.0 bounds=270.0x405.0@0.0,0.0 grid=31x29 scale=2.0 screen=BenQ MA270U
[ 43.372] draw dirty=270.0x437.0@0.0,-32.0 bounds=270.0x405.0@0.0,0.0 grid=31x29 scale=2.0 screen=BenQ MA270U
[ 43.405] draw dirty=270.0x437.0@0.0,-32.0 bounds=270.0x405.0@0.0,0.0 grid=31x29 scale=2.0 screen=BenQ MA270U
[ 43.439] draw dirty=270.0x437.0@0.0,-32.0 bounds=270.0x405.0@0.0,0.0 grid=31x29 scale=2.0 screen=BenQ MA270U
[ 43.472] draw dirty=270.0x437.0@0.0,-32.0 bounds=270.0x405.0@0.0,0.0 grid=31x29 scale=2.0 screen=BenQ MA270U
[ 43.505] draw dirty=270.0x437.0@0.0,-32.0 bounds=270.0x405.0@0.0,0.0 grid=31x29 scale=2.0 screen=BenQ MA270U
[ 43.538] draw dirty=270.0x437.0@0.0,-32.0 bounds=270.0x405.0@0.0,0.0 grid=31x29 scale=2.0 screen=BenQ MA270U
[ 43.571] draw dirty=270.0x437.0@0.0,-32.0 bounds=270.0x405.0@0.0,0.0 grid=31x29 scale=2.0 screen=BenQ MA270U
[ 43.605] draw dirty=270.0x437.0@0.0,-32.0 bounds=270.0x405.0@0.0,0.0 grid=31x29 scale=2.0 screen=BenQ MA270U
[ 43.638] draw dirty=270.0x437.0@0.0,-32.0 bounds=270.0x405.0@0.0,0.0 grid=31x29 scale=2.0 screen=BenQ MA270U
[ 43.671] draw dirty=270.0x437.0@0.0,-32.0 bounds=270.0x405.0@0.0,0.0 grid=31x29 scale=2.0 screen=BenQ MA270U
[ 43.705] draw dirty=270.0x437.0@0.0,-32.0 bounds=270.0x405.0@0.0,0.0 grid=31x29 scale=2.0 screen=BenQ MA270U
[ 43.738] draw dirty=270.0x437.0@0.0,-32.0 bounds=270.0x405.0@0.0,0.0 grid=31x29 scale=2.0 screen=BenQ MA270U
[ 43.771] draw dirty=270.0x437.0@0.0,-32.0 bounds=270.0x405.0@0.0,0.0 grid=31x29 scale=2.0 screen=BenQ MA270U
[ 43.806] draw dirty=270.0x437.0@0.0,-32.0 bounds=270.0x405.0@0.0,0.0 grid=31x29 scale=2.0 screen=BenQ MA270U
[ 43.899] step moves=182 diag=0 level=false shimmer=false released=0 sec=1498 toast=false -> repaint=true
[ 43.905] draw dirty=270.0x437.0@0.0,-32.0 bounds=270.0x405.0@0.0,0.0 grid=31x29 scale=2.0 screen=BenQ MA270U
[ 44.000] step moves=26 diag=0 level=false shimmer=false released=0 sec=1498 toast=false -> repaint=true
[ 44.001] draw dirty=270.0x437.0@0.0,-32.0 bounds=270.0x405.0@0.0,0.0 grid=31x29 scale=2.0 screen=BenQ MA270U
[ 44.100] step moves=26 diag=0 level=false shimmer=false released=0 sec=1498 toast=false -> repaint=true
[ 44.101] draw dirty=270.0x437.0@0.0,-32.0 bounds=270.0x405.0@0.0,0.0 grid=31x29 scale=2.0 screen=BenQ MA270U
[ 44.200] step moves=26 diag=0 level=false shimmer=false released=0 sec=1498 toast=false -> repaint=true
[ 44.201] draw dirty=270.0x437.0@0.0,-32.0 bounds=270.0x405.0@0.0,0.0 grid=31x29 scale=2.0 screen=BenQ MA270U
[ 44.300] step moves=26 diag=0 level=false shimmer=false released=0 sec=1498 toast=false -> repaint=true
[ 44.300] draw dirty=270.0x437.0@0.0,-32.0 bounds=270.0x405.0@0.0,0.0 grid=31x29 scale=2.0 screen=BenQ MA270U
[ 44.400] step moves=26 diag=0 level=false shimmer=false released=0 sec=1498 toast=false -> repaint=true
[ 44.401] draw dirty=270.0x437.0@0.0,-32.0 bounds=270.0x405.0@0.0,0.0 grid=31x29 scale=2.0 screen=BenQ MA270U
[ 44.500] step moves=26 diag=0 level=false shimmer=false released=0 sec=1498 toast=false -> repaint=true
[ 44.501] draw dirty=270.0x437.0@0.0,-32.0 bounds=270.0x405.0@0.0,0.0 grid=31x29 scale=2.0 screen=BenQ MA270U
[ 44.600] step moves=26 diag=0 level=false shimmer=false released=0 sec=1498 toast=false -> repaint=true
[ 44.601] draw dirty=270.0x437.0@0.0,-32.0 bounds=270.0x405.0@0.0,0.0 grid=31x29 scale=2.0 screen=BenQ MA270U
[ 44.700] step moves=23 diag=1 level=false shimmer=false released=0 sec=1498 toast=false -> repaint=true
[ 44.701] draw dirty=270.0x437.0@0.0,-32.0 bounds=270.0x405.0@0.0,0.0 grid=31x29 scale=2.0 screen=BenQ MA270U
[ 44.800] step moves=1 diag=1 level=false shimmer=false released=0 sec=1498 toast=false -> repaint=true
[ 44.801] draw dirty=270.0x437.0@0.0,-32.0 bounds=270.0x405.0@0.0,0.0 grid=31x29 scale=2.0 screen=BenQ MA270U
[ 44.900] step moves=1 diag=1 level=false shimmer=false released=0 sec=1497 toast=false -> repaint=true
[ 44.901] draw dirty=270.0x437.0@0.0,-32.0 bounds=270.0x405.0@0.0,0.0 grid=31x29 scale=2.0 screen=BenQ MA270U
[ 45.000] step moves=0 diag=0 level=false shimmer=true released=0 sec=1497 toast=false -> repaint=true
[ 45.000] draw dirty=270.0x437.0@0.0,-32.0 bounds=270.0x405.0@0.0,0.0 grid=31x29 scale=2.0 screen=BenQ MA270U
[ 45.100] step moves=0 diag=0 level=false shimmer=false released=0 sec=1497 toast=false -> repaint=false
[ 45.200] step moves=0 diag=0 level=false shimmer=false released=0 sec=1497 toast=false -> repaint=false
[ 45.299] step moves=0 diag=0 level=false shimmer=false released=0 sec=1497 toast=false -> repaint=false
[ 45.400] step moves=0 diag=0 level=false shimmer=false released=0 sec=1497 toast=false -> repaint=false
[ 45.500] step moves=0 diag=0 level=false shimmer=false released=0 sec=1497 toast=false -> repaint=false
[ 45.600] step moves=0 diag=0 level=false shimmer=false released=0 sec=1497 toast=false -> repaint=false
[ 45.699] step moves=0 diag=0 level=false shimmer=false released=0 sec=1497 toast=false -> repaint=false
[ 45.800] step moves=0 diag=0 level=false shimmer=false released=0 sec=1497 toast=false -> repaint=false
[ 45.900] step moves=0 diag=0 level=false shimmer=false released=0 sec=1496 toast=false -> repaint=true
[ 45.901] draw dirty=270.0x437.0@0.0,-32.0 bounds=270.0x405.0@0.0,0.0 grid=31x29 scale=2.0 screen=BenQ MA270U
[ 46.000] step moves=0 diag=0 level=false shimmer=true released=0 sec=1496 toast=false -> repaint=true
[ 46.001] draw dirty=270.0x437.0@0.0,-32.0 bounds=270.0x405.0@0.0,0.0 grid=31x29 scale=2.0 screen=BenQ MA270U
[ 46.100] step moves=0 diag=0 level=false shimmer=false released=0 sec=1496 toast=false -> repaint=false
[ 46.200] step moves=0 diag=0 level=false shimmer=false released=0 sec=1496 toast=false -> repaint=false
[ 46.299] step moves=0 diag=0 level=false shimmer=false released=0 sec=1496 toast=false -> repaint=false
[ 46.400] step moves=0 diag=0 level=false shimmer=false released=0 sec=1496 toast=false -> repaint=false
[ 46.500] step moves=0 diag=0 level=false shimmer=false released=0 sec=1496 toast=false -> repaint=false
[ 46.600] step moves=0 diag=0 level=false shimmer=false released=0 sec=1496 toast=false -> repaint=false
[ 46.700] step moves=0 diag=0 level=false shimmer=false released=0 sec=1496 toast=false -> repaint=false
[ 46.799] step moves=0 diag=0 level=false shimmer=false released=0 sec=1496 toast=false -> repaint=false
[ 46.900] step moves=0 diag=0 level=false shimmer=false released=0 sec=1495 toast=false -> repaint=true
[ 46.901] draw dirty=270.0x437.0@0.0,-32.0 bounds=270.0x405.0@0.0,0.0 grid=31x29 scale=2.0 screen=BenQ MA270U
[ 47.000] step moves=0 diag=0 level=false shimmer=true released=0 sec=1495 toast=false -> repaint=true
[ 47.000] draw dirty=270.0x437.0@0.0,-32.0 bounds=270.0x405.0@0.0,0.0 grid=31x29 scale=2.0 screen=BenQ MA270U
[ 47.100] step moves=0 diag=0 level=false shimmer=false released=0 sec=1495 toast=false -> repaint=false
[ 47.200] step moves=0 diag=0 level=false shimmer=false released=0 sec=1495 toast=false -> repaint=false
[ 47.300] step moves=0 diag=0 level=false shimmer=false released=0 sec=1495 toast=false -> repaint=false
[ 47.400] step moves=0 diag=0 level=false shimmer=false released=0 sec=1495 toast=false -> repaint=false
[ 47.500] step moves=0 diag=0 level=false shimmer=false released=0 sec=1495 toast=false -> repaint=false
[ 47.600] step moves=0 diag=0 level=false shimmer=false released=0 sec=1495 toast=false -> repaint=false
[ 47.700] step moves=0 diag=0 level=false shimmer=false released=0 sec=1495 toast=false -> repaint=false
[ 47.800] step moves=0 diag=0 level=false shimmer=false released=0 sec=1495 toast=false -> repaint=false
[ 47.900] step moves=0 diag=0 level=false shimmer=false released=0 sec=1494 toast=false -> repaint=true
[ 47.900] draw dirty=270.0x437.0@0.0,-32.0 bounds=270.0x405.0@0.0,0.0 grid=31x29 scale=2.0 screen=BenQ MA270U
[ 48.000] step moves=0 diag=0 level=false shimmer=true released=0 sec=1494 toast=false -> repaint=true
[ 48.001] draw dirty=270.0x437.0@0.0,-32.0 bounds=270.0x405.0@0.0,0.0 grid=31x29 scale=2.0 screen=BenQ MA270U
[ 48.100] step moves=0 diag=0 level=false shimmer=false released=0 sec=1494 toast=false -> repaint=false
[ 48.200] step moves=0 diag=0 level=false shimmer=false released=0 sec=1494 toast=false -> repaint=false
[ 48.299] step moves=0 diag=0 level=false shimmer=false released=0 sec=1494 toast=false -> repaint=false
[ 48.400] step moves=0 diag=0 level=false shimmer=false released=0 sec=1494 toast=false -> repaint=false
[ 48.500] step moves=0 diag=0 level=false shimmer=false released=0 sec=1494 toast=false -> repaint=false
[ 48.600] step moves=0 diag=0 level=false shimmer=false released=0 sec=1494 toast=false -> repaint=false
[ 48.700] step moves=0 diag=0 level=false shimmer=false released=0 sec=1494 toast=false -> repaint=false
[ 48.799] step moves=0 diag=0 level=false shimmer=false released=0 sec=1494 toast=false -> repaint=false
[ 48.900] step moves=0 diag=0 level=false shimmer=false released=0 sec=1493 toast=false -> repaint=true
[ 48.900] draw dirty=270.0x437.0@0.0,-32.0 bounds=270.0x405.0@0.0,0.0 grid=31x29 scale=2.0 screen=BenQ MA270U
[ 49.000] step moves=0 diag=0 level=false shimmer=true released=0 sec=1493 toast=false -> repaint=true
[ 49.000] draw dirty=270.0x437.0@0.0,-32.0 bounds=270.0x405.0@0.0,0.0 grid=31x29 scale=2.0 screen=BenQ MA270U
[ 49.099] step moves=0 diag=0 level=false shimmer=false released=0 sec=1493 toast=false -> repaint=false
[ 49.199] step moves=0 diag=0 level=false shimmer=false released=0 sec=1493 toast=false -> repaint=false
[ 49.300] step moves=0 diag=0 level=false shimmer=false released=0 sec=1493 toast=false -> repaint=false
[ 49.400] step moves=0 diag=0 level=false shimmer=false released=0 sec=1493 toast=false -> repaint=false
[ 49.500] step moves=0 diag=0 level=false shimmer=false released=0 sec=1493 toast=false -> repaint=false
[ 49.600] step moves=0 diag=0 level=false shimmer=false released=0 sec=1493 toast=false -> repaint=false
[ 49.700] step moves=0 diag=0 level=false shimmer=false released=0 sec=1493 toast=false -> repaint=false
[ 49.800] step moves=0 diag=0 level=false shimmer=false released=0 sec=1493 toast=false -> repaint=false
[ 49.900] step moves=0 diag=0 level=false shimmer=false released=0 sec=1492 toast=false -> repaint=true
[ 49.901] draw dirty=270.0x437.0@0.0,-32.0 bounds=270.0x405.0@0.0,0.0 grid=31x29 scale=2.0 screen=BenQ MA270U
[ 49.999] step moves=0 diag=0 level=false shimmer=true released=0 sec=1492 toast=false -> repaint=true
[ 49.999] draw dirty=270.0x437.0@0.0,-32.0 bounds=270.0x405.0@0.0,0.0 grid=31x29 scale=2.0 screen=BenQ MA270U
[ 50.099] step moves=0 diag=0 level=false shimmer=false released=0 sec=1492 toast=false -> repaint=false
[ 50.199] step moves=0 diag=0 level=false shimmer=false released=0 sec=1492 toast=false -> repaint=false
[ 50.300] step moves=0 diag=0 level=false shimmer=false released=0 sec=1492 toast=false -> repaint=false
[ 50.400] step moves=0 diag=0 level=false shimmer=false released=0 sec=1492 toast=false -> repaint=false
[ 50.500] step moves=13 diag=0 level=false shimmer=false released=1 sec=1492 toast=false -> repaint=true
[ 50.500] draw dirty=270.0x437.0@0.0,-32.0 bounds=270.0x405.0@0.0,0.0 grid=31x29 scale=2.0 screen=BenQ MA270U
[ 50.600] step moves=1 diag=0 level=false shimmer=false released=0 sec=1492 toast=false -> repaint=true
[ 50.600] draw dirty=270.0x437.0@0.0,-32.0 bounds=270.0x405.0@0.0,0.0 grid=31x29 scale=2.0 screen=BenQ MA270U
[ 50.700] step moves=1 diag=0 level=false shimmer=false released=0 sec=1492 toast=false -> repaint=true
[ 50.700] draw dirty=270.0x437.0@0.0,-32.0 bounds=270.0x405.0@0.0,0.0 grid=31x29 scale=2.0 screen=BenQ MA270U
[ 50.800] step moves=1 diag=0 level=false shimmer=false released=0 sec=1492 toast=false -> repaint=true
[ 50.800] draw dirty=270.0x437.0@0.0,-32.0 bounds=270.0x405.0@0.0,0.0 grid=31x29 scale=2.0 screen=BenQ MA270U
[ 50.899] step moves=1 diag=0 level=false shimmer=false released=0 sec=1491 toast=false -> repaint=true
[ 50.899] draw dirty=270.0x437.0@0.0,-32.0 bounds=270.0x405.0@0.0,0.0 grid=31x29 scale=2.0 screen=BenQ MA270U
[ 51.000] step moves=1 diag=0 level=false shimmer=false released=0 sec=1491 toast=false -> repaint=true
[ 51.000] draw dirty=270.0x437.0@0.0,-32.0 bounds=270.0x405.0@0.0,0.0 grid=31x29 scale=2.0 screen=BenQ MA270U
[ 51.099] step moves=1 diag=0 level=false shimmer=false released=0 sec=1491 toast=false -> repaint=true
[ 51.100] draw dirty=270.0x437.0@0.0,-32.0 bounds=270.0x405.0@0.0,0.0 grid=31x29 scale=2.0 screen=BenQ MA270U
[ 51.200] step moves=1 diag=0 level=false shimmer=false released=0 sec=1491 toast=false -> repaint=true
[ 51.200] draw dirty=270.0x437.0@0.0,-32.0 bounds=270.0x405.0@0.0,0.0 grid=31x29 scale=2.0 screen=BenQ MA270U
[ 51.300] step moves=1 diag=0 level=false shimmer=false released=0 sec=1491 toast=false -> repaint=true
[ 51.300] draw dirty=270.0x437.0@0.0,-32.0 bounds=270.0x405.0@0.0,0.0 grid=31x29 scale=2.0 screen=BenQ MA270U
[ 51.400] step moves=1 diag=1 level=false shimmer=false released=0 sec=1491 toast=false -> repaint=true
[ 51.400] draw dirty=270.0x437.0@0.0,-32.0 bounds=270.0x405.0@0.0,0.0 grid=31x29 scale=2.0 screen=BenQ MA270U
[ 51.500] step moves=1 diag=1 level=false shimmer=false released=0 sec=1491 toast=false -> repaint=true
[ 51.500] draw dirty=270.0x437.0@0.0,-32.0 bounds=270.0x405.0@0.0,0.0 grid=31x29 scale=2.0 screen=BenQ MA270U
[ 51.600] step moves=1 diag=1 level=false shimmer=false released=0 sec=1491 toast=false -> repaint=true
[ 51.600] draw dirty=270.0x437.0@0.0,-32.0 bounds=270.0x405.0@0.0,0.0 grid=31x29 scale=2.0 screen=BenQ MA270U
[ 51.699] step moves=1 diag=1 level=false shimmer=false released=0 sec=1491 toast=false -> repaint=true
[ 51.699] draw dirty=270.0x437.0@0.0,-32.0 bounds=270.0x405.0@0.0,0.0 grid=31x29 scale=2.0 screen=BenQ MA270U
[ 51.800] step moves=0 diag=0 level=false shimmer=false released=0 sec=1491 toast=false -> repaint=false
[ 51.900] step moves=0 diag=0 level=false shimmer=false released=0 sec=1490 toast=false -> repaint=true
[ 51.900] draw dirty=270.0x437.0@0.0,-32.0 bounds=270.0x405.0@0.0,0.0 grid=31x29 scale=2.0 screen=BenQ MA270U
[ 52.000] step moves=0 diag=0 level=false shimmer=false released=0 sec=1490 toast=false -> repaint=false
[ 52.099] step moves=0 diag=0 level=false shimmer=false released=0 sec=1490 toast=false -> repaint=false
[ 52.200] step moves=0 diag=0 level=false shimmer=false released=0 sec=1490 toast=false -> repaint=false
[ 52.300] step moves=0 diag=0 level=false shimmer=false released=0 sec=1490 toast=false -> repaint=false
[ 52.400] step moves=0 diag=0 level=false shimmer=false released=0 sec=1490 toast=false -> repaint=false
[ 52.500] step moves=0 diag=0 level=false shimmer=false released=0 sec=1490 toast=false -> repaint=false
[ 52.600] step moves=0 diag=0 level=false shimmer=false released=0 sec=1490 toast=false -> repaint=false
[ 52.700] step moves=0 diag=0 level=false shimmer=false released=0 sec=1490 toast=false -> repaint=false
[ 52.800] step moves=0 diag=0 level=false shimmer=false released=0 sec=1490 toast=false -> repaint=false
[ 52.900] step moves=0 diag=0 level=false shimmer=false released=0 sec=1489 toast=false -> repaint=true
[ 52.900] draw dirty=270.0x437.0@0.0,-32.0 bounds=270.0x405.0@0.0,0.0 grid=31x29 scale=2.0 screen=BenQ MA270U
[ 53.000] step moves=0 diag=0 level=false shimmer=false released=0 sec=1489 toast=false -> repaint=false
[ 53.099] step moves=0 diag=0 level=false shimmer=false released=0 sec=1489 toast=false -> repaint=false
[ 53.199] step moves=0 diag=0 level=false shimmer=false released=0 sec=1489 toast=false -> repaint=false
[ 53.299] step moves=0 diag=0 level=false shimmer=false released=0 sec=1489 toast=false -> repaint=false
[ 53.400] step moves=0 diag=0 level=false shimmer=false released=0 sec=1489 toast=false -> repaint=false
[ 53.500] step moves=0 diag=0 level=false shimmer=false released=0 sec=1489 toast=false -> repaint=false
[ 53.600] step moves=0 diag=0 level=false shimmer=false released=0 sec=1489 toast=false -> repaint=false
[ 53.755] step moves=0 diag=0 level=false shimmer=false released=0 sec=1489 toast=false -> repaint=false
[ 53.855] step moves=0 diag=0 level=false shimmer=false released=0 sec=1488 toast=false -> repaint=true
[ 53.855] draw dirty=270.0x437.0@0.0,-32.0 bounds=270.0x405.0@0.0,0.0 grid=31x29 scale=2.0 screen=BenQ MA270U
[ 53.955] step moves=0 diag=0 level=false shimmer=false released=0 sec=1488 toast=false -> repaint=false
[ 54.054] step moves=0 diag=0 level=false shimmer=true released=0 sec=1488 toast=false -> repaint=true
[ 54.055] draw dirty=270.0x437.0@0.0,-32.0 bounds=270.0x405.0@0.0,0.0 grid=31x29 scale=2.0 screen=BenQ MA270U
[ 54.154] step moves=0 diag=0 level=false shimmer=false released=0 sec=1488 toast=false -> repaint=false
[ 54.255] step moves=0 diag=0 level=false shimmer=false released=0 sec=1488 toast=false -> repaint=false
[ 54.354] step moves=0 diag=0 level=false shimmer=false released=0 sec=1488 toast=false -> repaint=false
[ 54.455] step moves=0 diag=0 level=false shimmer=false released=0 sec=1488 toast=false -> repaint=false
[ 54.555] step moves=0 diag=0 level=false shimmer=false released=0 sec=1488 toast=false -> repaint=false
[ 54.655] step moves=0 diag=0 level=false shimmer=false released=0 sec=1488 toast=false -> repaint=false
[ 54.754] step moves=0 diag=0 level=false shimmer=false released=0 sec=1488 toast=false -> repaint=false
[ 54.855] step moves=0 diag=0 level=false shimmer=false released=0 sec=1487 toast=false -> repaint=true
[ 54.856] draw dirty=270.0x437.0@0.0,-32.0 bounds=270.0x405.0@0.0,0.0 grid=31x29 scale=2.0 screen=BenQ MA270U
[ 54.955] step moves=0 diag=0 level=false shimmer=false released=0 sec=1487 toast=false -> repaint=false
[ 55.055] step moves=0 diag=0 level=false shimmer=true released=0 sec=1487 toast=false -> repaint=true
[ 55.055] draw dirty=270.0x437.0@0.0,-32.0 bounds=270.0x405.0@0.0,0.0 grid=31x29 scale=2.0 screen=BenQ MA270U
[ 55.154] step moves=0 diag=0 level=false shimmer=false released=0 sec=1487 toast=false -> repaint=false
[ 55.255] step moves=0 diag=0 level=false shimmer=false released=0 sec=1487 toast=false -> repaint=false
[ 55.354] step moves=0 diag=0 level=false shimmer=false released=0 sec=1487 toast=false -> repaint=false
[ 55.455] step moves=0 diag=0 level=false shimmer=false released=0 sec=1487 toast=false -> repaint=false
[ 55.555] step moves=0 diag=0 level=false shimmer=false released=0 sec=1487 toast=false -> repaint=false
[ 55.655] step moves=0 diag=0 level=false shimmer=false released=0 sec=1487 toast=false -> repaint=false
[ 55.754] step moves=0 diag=0 level=false shimmer=false released=0 sec=1487 toast=false -> repaint=false
[ 55.855] step moves=0 diag=0 level=false shimmer=false released=0 sec=1486 toast=false -> repaint=true
[ 55.855] draw dirty=270.0x437.0@0.0,-32.0 bounds=270.0x405.0@0.0,0.0 grid=31x29 scale=2.0 screen=BenQ MA270U
[ 55.955] step moves=0 diag=0 level=false shimmer=false released=0 sec=1486 toast=false -> repaint=false
[ 56.055] step moves=0 diag=0 level=false shimmer=true released=0 sec=1486 toast=false -> repaint=true
[ 56.055] draw dirty=270.0x437.0@0.0,-32.0 bounds=270.0x405.0@0.0,0.0 grid=31x29 scale=2.0 screen=BenQ MA270U
[ 56.154] step moves=0 diag=0 level=false shimmer=false released=0 sec=1486 toast=false -> repaint=false
[ 56.255] step moves=0 diag=0 level=false shimmer=false released=0 sec=1486 toast=false -> repaint=false
[ 56.355] step moves=0 diag=0 level=false shimmer=false released=0 sec=1486 toast=false -> repaint=false
[ 56.455] step moves=0 diag=0 level=false shimmer=false released=0 sec=1486 toast=false -> repaint=false
[ 56.555] step moves=0 diag=0 level=false shimmer=false released=0 sec=1486 toast=false -> repaint=false
[ 56.655] step moves=0 diag=0 level=false shimmer=false released=0 sec=1486 toast=false -> repaint=false
[ 56.755] step moves=0 diag=0 level=false shimmer=false released=0 sec=1486 toast=false -> repaint=false
[ 56.855] step moves=0 diag=0 level=false shimmer=false released=0 sec=1485 toast=false -> repaint=true
[ 56.856] draw dirty=270.0x437.0@0.0,-32.0 bounds=270.0x405.0@0.0,0.0 grid=31x29 scale=2.0 screen=BenQ MA270U
[ 56.955] step moves=0 diag=0 level=false shimmer=false released=0 sec=1485 toast=false -> repaint=false
[ 57.055] step moves=0 diag=0 level=false shimmer=true released=0 sec=1485 toast=false -> repaint=true
[ 57.055] draw dirty=270.0x437.0@0.0,-32.0 bounds=270.0x405.0@0.0,0.0 grid=31x29 scale=2.0 screen=BenQ MA270U
[ 57.154] step moves=0 diag=0 level=false shimmer=false released=0 sec=1485 toast=false -> repaint=false
[ 57.254] step moves=0 diag=0 level=false shimmer=false released=0 sec=1485 toast=false -> repaint=false
[ 57.355] step moves=0 diag=0 level=false shimmer=false released=0 sec=1485 toast=false -> repaint=false
[ 57.455] step moves=0 diag=0 level=false shimmer=false released=0 sec=1485 toast=false -> repaint=false
[ 57.555] step moves=0 diag=0 level=false shimmer=false released=0 sec=1485 toast=false -> repaint=false
[ 57.655] step moves=0 diag=0 level=false shimmer=false released=0 sec=1485 toast=false -> repaint=false
[ 57.754] step moves=0 diag=0 level=false shimmer=false released=0 sec=1485 toast=false -> repaint=false
[ 57.854] step moves=0 diag=0 level=false shimmer=false released=0 sec=1484 toast=false -> repaint=true
[ 57.855] draw dirty=270.0x437.0@0.0,-32.0 bounds=270.0x405.0@0.0,0.0 grid=31x29 scale=2.0 screen=BenQ MA270U
[ 57.955] step moves=0 diag=0 level=false shimmer=false released=0 sec=1484 toast=false -> repaint=false
[ 58.055] step moves=0 diag=0 level=false shimmer=true released=0 sec=1484 toast=false -> repaint=true
[ 58.055] draw dirty=270.0x437.0@0.0,-32.0 bounds=270.0x405.0@0.0,0.0 grid=31x29 scale=2.0 screen=BenQ MA270U
[ 58.154] step moves=0 diag=0 level=false shimmer=false released=0 sec=1484 toast=false -> repaint=false
[ 58.255] step moves=12 diag=0 level=false shimmer=false released=1 sec=1484 toast=false -> repaint=true
[ 58.256] draw dirty=270.0x437.0@0.0,-32.0 bounds=270.0x405.0@0.0,0.0 grid=31x29 scale=2.0 screen=BenQ MA270U
[ 58.355] step moves=1 diag=0 level=false shimmer=false released=0 sec=1484 toast=false -> repaint=true
[ 58.355] draw dirty=270.0x437.0@0.0,-32.0 bounds=270.0x405.0@0.0,0.0 grid=31x29 scale=2.0 screen=BenQ MA270U
[ 58.454] step moves=1 diag=0 level=false shimmer=false released=0 sec=1484 toast=false -> repaint=true
[ 58.455] draw dirty=270.0x437.0@0.0,-32.0 bounds=270.0x405.0@0.0,0.0 grid=31x29 scale=2.0 screen=BenQ MA270U
[ 58.555] step moves=1 diag=0 level=false shimmer=false released=0 sec=1484 toast=false -> repaint=true
[ 58.555] draw dirty=270.0x437.0@0.0,-32.0 bounds=270.0x405.0@0.0,0.0 grid=31x29 scale=2.0 screen=BenQ MA270U
[ 58.655] step moves=1 diag=0 level=false shimmer=false released=0 sec=1484 toast=false -> repaint=true
[ 58.655] draw dirty=270.0x437.0@0.0,-32.0 bounds=270.0x405.0@0.0,0.0 grid=31x29 scale=2.0 screen=BenQ MA270U
[ 58.755] step moves=1 diag=0 level=false shimmer=false released=0 sec=1484 toast=false -> repaint=true
[ 58.756] draw dirty=270.0x437.0@0.0,-32.0 bounds=270.0x405.0@0.0,0.0 grid=31x29 scale=2.0 screen=BenQ MA270U
[ 58.855] step moves=1 diag=0 level=false shimmer=false released=0 sec=1483 toast=false -> repaint=true
[ 58.856] draw dirty=270.0x437.0@0.0,-32.0 bounds=270.0x405.0@0.0,0.0 grid=31x29 scale=2.0 screen=BenQ MA270U
[ 58.955] step moves=1 diag=0 level=false shimmer=false released=0 sec=1483 toast=false -> repaint=true
[ 58.955] draw dirty=270.0x437.0@0.0,-32.0 bounds=270.0x405.0@0.0,0.0 grid=31x29 scale=2.0 screen=BenQ MA270U
[ 59.055] step moves=1 diag=0 level=false shimmer=true released=0 sec=1483 toast=false -> repaint=true
[ 59.056] draw dirty=270.0x437.0@0.0,-32.0 bounds=270.0x405.0@0.0,0.0 grid=31x29 scale=2.0 screen=BenQ MA270U
[ 59.167] step moves=1 diag=1 level=false shimmer=false released=0 sec=1483 toast=false -> repaint=true
[ 59.168] draw dirty=270.0x437.0@0.0,-32.0 bounds=270.0x405.0@0.0,0.0 grid=31x29 scale=2.0 screen=BenQ MA270U
[ 59.254] step moves=1 diag=1 level=false shimmer=false released=0 sec=1483 toast=false -> repaint=true
[ 59.255] draw dirty=270.0x437.0@0.0,-32.0 bounds=270.0x405.0@0.0,0.0 grid=31x29 scale=2.0 screen=BenQ MA270U
[ 59.354] step moves=1 diag=1 level=false shimmer=false released=0 sec=1483 toast=false -> repaint=true
[ 59.355] draw dirty=270.0x437.0@0.0,-32.0 bounds=270.0x405.0@0.0,0.0 grid=31x29 scale=2.0 screen=BenQ MA270U
[ 59.455] step moves=1 diag=1 level=false shimmer=false released=0 sec=1483 toast=false -> repaint=true
[ 59.456] draw dirty=270.0x437.0@0.0,-32.0 bounds=270.0x405.0@0.0,0.0 grid=31x29 scale=2.0 screen=BenQ MA270U
[ 59.555] step moves=1 diag=1 level=false shimmer=false released=0 sec=1483 toast=false -> repaint=true
[ 59.556] draw dirty=270.0x437.0@0.0,-32.0 bounds=270.0x405.0@0.0,0.0 grid=31x29 scale=2.0 screen=BenQ MA270U
[ 59.655] step moves=0 diag=0 level=false shimmer=false released=0 sec=1483 toast=false -> repaint=false
[ 59.754] step moves=0 diag=0 level=false shimmer=false released=0 sec=1483 toast=false -> repaint=false
[ 59.855] step moves=0 diag=0 level=false shimmer=false released=0 sec=1482 toast=false -> repaint=true
[ 59.855] draw dirty=270.0x437.0@0.0,-32.0 bounds=270.0x405.0@0.0,0.0 grid=31x29 scale=2.0 screen=BenQ MA270U
[ 59.954] step moves=0 diag=0 level=false shimmer=false released=0 sec=1482 toast=false -> repaint=false
[ 60.055] step moves=0 diag=0 level=false shimmer=true released=0 sec=1482 toast=false -> repaint=true
[ 60.056] draw dirty=270.0x437.0@0.0,-32.0 bounds=270.0x405.0@0.0,0.0 grid=31x29 scale=2.0 screen=BenQ MA270U
[ 60.154] step moves=0 diag=0 level=false shimmer=false released=0 sec=1482 toast=false -> repaint=false
[ 60.255] step moves=0 diag=0 level=false shimmer=false released=0 sec=1482 toast=false -> repaint=false
[ 60.354] step moves=0 diag=0 level=false shimmer=false released=0 sec=1482 toast=false -> repaint=false
[ 60.455] step moves=0 diag=0 level=false shimmer=false released=0 sec=1482 toast=false -> repaint=false
[ 60.555] step moves=0 diag=0 level=false shimmer=false released=0 sec=1482 toast=false -> repaint=false
[ 60.655] step moves=0 diag=0 level=false shimmer=false released=0 sec=1482 toast=false -> repaint=false
[ 60.755] step moves=0 diag=0 level=false shimmer=false released=0 sec=1482 toast=false -> repaint=false
[ 60.855] step moves=0 diag=0 level=false shimmer=false released=0 sec=1481 toast=false -> repaint=true
[ 60.855] draw dirty=270.0x437.0@0.0,-32.0 bounds=270.0x405.0@0.0,0.0 grid=31x29 scale=2.0 screen=BenQ MA270U
[ 60.955] step moves=0 diag=0 level=false shimmer=false released=0 sec=1481 toast=false -> repaint=false
[ 61.055] step moves=0 diag=0 level=false shimmer=true released=0 sec=1481 toast=false -> repaint=true
[ 61.056] draw dirty=270.0x437.0@0.0,-32.0 bounds=270.0x405.0@0.0,0.0 grid=31x29 scale=2.0 screen=BenQ MA270U
[ 61.154] step moves=0 diag=0 level=false shimmer=false released=0 sec=1481 toast=false -> repaint=false
[ 61.255] step moves=0 diag=0 level=false shimmer=false released=0 sec=1481 toast=false -> repaint=false
[ 61.355] step moves=0 diag=0 level=false shimmer=false released=0 sec=1481 toast=false -> repaint=false
[ 61.455] step moves=0 diag=0 level=false shimmer=false released=0 sec=1481 toast=false -> repaint=false
[ 61.554] step moves=0 diag=0 level=false shimmer=false released=0 sec=1481 toast=false -> repaint=false
[ 61.655] step moves=0 diag=0 level=false shimmer=false released=0 sec=1481 toast=false -> repaint=false
[ 61.755] step moves=0 diag=0 level=false shimmer=false released=0 sec=1481 toast=false -> repaint=false
[ 61.854] step moves=0 diag=0 level=false shimmer=false released=0 sec=1480 toast=false -> repaint=true
[ 61.854] draw dirty=270.0x437.0@0.0,-32.0 bounds=270.0x405.0@0.0,0.0 grid=31x29 scale=2.0 screen=BenQ MA270U
[ 61.955] step moves=0 diag=0 level=false shimmer=false released=0 sec=1480 toast=false -> repaint=false
[ 62.055] step moves=0 diag=0 level=false shimmer=false released=0 sec=1480 toast=false -> repaint=false
[ 62.154] step moves=0 diag=0 level=false shimmer=false released=0 sec=1480 toast=false -> repaint=false
[ 62.255] step moves=0 diag=0 level=false shimmer=false released=0 sec=1480 toast=false -> repaint=false
[ 62.355] step moves=0 diag=0 level=false shimmer=false released=0 sec=1480 toast=false -> repaint=false
[ 62.454] step moves=0 diag=0 level=false shimmer=false released=0 sec=1480 toast=false -> repaint=false
[ 62.555] step moves=0 diag=0 level=false shimmer=false released=0 sec=1480 toast=false -> repaint=false
[ 62.655] step moves=0 diag=0 level=false shimmer=false released=0 sec=1480 toast=false -> repaint=false
[ 62.755] step moves=0 diag=0 level=false shimmer=false released=0 sec=1480 toast=false -> repaint=false
[ 62.855] step moves=0 diag=0 level=false shimmer=false released=0 sec=1479 toast=false -> repaint=true
[ 62.856] draw dirty=270.0x437.0@0.0,-32.0 bounds=270.0x405.0@0.0,0.0 grid=31x29 scale=2.0 screen=BenQ MA270U
[ 62.955] step moves=0 diag=0 level=false shimmer=false released=0 sec=1479 toast=false -> repaint=false
[ 63.055] step moves=0 diag=0 level=false shimmer=true released=0 sec=1479 toast=false -> repaint=true
[ 63.055] draw dirty=270.0x437.0@0.0,-32.0 bounds=270.0x405.0@0.0,0.0 grid=31x29 scale=2.0 screen=BenQ MA270U
[ 63.154] step moves=0 diag=0 level=false shimmer=false released=0 sec=1479 toast=false -> repaint=false
[ 63.255] step moves=0 diag=0 level=false shimmer=false released=0 sec=1479 toast=false -> repaint=false
[ 63.355] step moves=0 diag=0 level=false shimmer=false released=0 sec=1479 toast=false -> repaint=false
[ 63.455] step moves=0 diag=0 level=false shimmer=false released=0 sec=1479 toast=false -> repaint=false
[ 63.555] step moves=0 diag=0 level=false shimmer=false released=0 sec=1479 toast=false -> repaint=false
[ 63.654] step moves=0 diag=0 level=false shimmer=false released=0 sec=1479 toast=false -> repaint=false
[ 63.755] step moves=0 diag=0 level=false shimmer=false released=0 sec=1479 toast=false -> repaint=false
[ 63.855] step moves=0 diag=0 level=false shimmer=false released=0 sec=1478 toast=false -> repaint=true
[ 63.855] draw dirty=270.0x437.0@0.0,-32.0 bounds=270.0x405.0@0.0,0.0 grid=31x29 scale=2.0 screen=BenQ MA270U
[ 63.955] step moves=0 diag=0 level=false shimmer=false released=0 sec=1478 toast=false -> repaint=false
[ 64.055] step moves=0 diag=0 level=false shimmer=true released=0 sec=1478 toast=false -> repaint=true
[ 64.059] draw dirty=270.0x437.0@0.0,-32.0 bounds=270.0x405.0@0.0,0.0 grid=31x29 scale=2.0 screen=BenQ MA270U
[ 64.154] step moves=0 diag=0 level=false shimmer=false released=0 sec=1478 toast=false -> repaint=false
[ 64.255] step moves=0 diag=0 level=false shimmer=false released=0 sec=1478 toast=false -> repaint=false
[ 64.355] step moves=0 diag=0 level=false shimmer=false released=0 sec=1478 toast=false -> repaint=false
[ 64.455] step moves=0 diag=0 level=false shimmer=false released=0 sec=1478 toast=false -> repaint=false
[ 64.555] step moves=0 diag=0 level=false shimmer=false released=0 sec=1478 toast=false -> repaint=false
[ 64.655] step moves=0 diag=0 level=false shimmer=false released=0 sec=1478 toast=false -> repaint=false
[ 64.755] step moves=0 diag=0 level=false shimmer=false released=0 sec=1478 toast=false -> repaint=false
[ 64.855] step moves=0 diag=0 level=false shimmer=false released=0 sec=1477 toast=false -> repaint=true
[ 64.859] draw dirty=270.0x437.0@0.0,-32.0 bounds=270.0x405.0@0.0,0.0 grid=31x29 scale=2.0 screen=BenQ MA270U
[ 64.955] step moves=0 diag=0 level=false shimmer=false released=0 sec=1477 toast=false -> repaint=false
[ 65.055] step moves=0 diag=0 level=false shimmer=true released=0 sec=1477 toast=false -> repaint=true
[ 65.059] draw dirty=270.0x437.0@0.0,-32.0 bounds=270.0x405.0@0.0,0.0 grid=31x29 scale=2.0 screen=BenQ MA270U
[ 65.154] step moves=0 diag=0 level=false shimmer=false released=0 sec=1477 toast=false -> repaint=false
[ 65.255] step moves=0 diag=0 level=false shimmer=false released=0 sec=1477 toast=false -> repaint=false
[ 65.354] step moves=0 diag=0 level=false shimmer=false released=0 sec=1477 toast=false -> repaint=false
[ 65.455] step moves=0 diag=0 level=false shimmer=false released=0 sec=1477 toast=false -> repaint=false
[ 65.554] step moves=0 diag=0 level=false shimmer=false released=0 sec=1477 toast=false -> repaint=false
[ 65.654] step moves=0 diag=0 level=false shimmer=false released=0 sec=1477 toast=false -> repaint=false
[ 65.754] step moves=0 diag=0 level=false shimmer=false released=0 sec=1477 toast=false -> repaint=false
[ 65.854] step moves=0 diag=0 level=false shimmer=false released=0 sec=1476 toast=false -> repaint=true
[ 65.855] draw dirty=270.0x437.0@0.0,-32.0 bounds=270.0x405.0@0.0,0.0 grid=31x29 scale=2.0 screen=BenQ MA270U
[ 65.955] step moves=12 diag=1 level=false shimmer=false released=1 sec=1476 toast=false -> repaint=true
[ 65.955] draw dirty=270.0x437.0@0.0,-32.0 bounds=270.0x405.0@0.0,0.0 grid=31x29 scale=2.0 screen=BenQ MA270U
[ 66.055] step moves=1 diag=0 level=false shimmer=true released=0 sec=1476 toast=false -> repaint=true
[ 66.055] draw dirty=270.0x437.0@0.0,-32.0 bounds=270.0x405.0@0.0,0.0 grid=31x29 scale=2.0 screen=BenQ MA270U
[ 66.154] step moves=1 diag=0 level=false shimmer=false released=0 sec=1476 toast=false -> repaint=true
[ 66.155] draw dirty=270.0x437.0@0.0,-32.0 bounds=270.0x405.0@0.0,0.0 grid=31x29 scale=2.0 screen=BenQ MA270U
[ 66.255] step moves=1 diag=0 level=false shimmer=false released=0 sec=1476 toast=false -> repaint=true
[ 66.255] draw dirty=270.0x437.0@0.0,-32.0 bounds=270.0x405.0@0.0,0.0 grid=31x29 scale=2.0 screen=BenQ MA270U
[ 66.355] step moves=1 diag=0 level=false shimmer=false released=0 sec=1476 toast=false -> repaint=true
[ 66.355] draw dirty=270.0x437.0@0.0,-32.0 bounds=270.0x405.0@0.0,0.0 grid=31x29 scale=2.0 screen=BenQ MA270U
[ 66.454] step moves=1 diag=0 level=false shimmer=false released=0 sec=1476 toast=false -> repaint=true
[ 66.454] draw dirty=270.0x437.0@0.0,-32.0 bounds=270.0x405.0@0.0,0.0 grid=31x29 scale=2.0 screen=BenQ MA270U
[ 66.554] step moves=1 diag=0 level=false shimmer=false released=0 sec=1476 toast=false -> repaint=true
[ 66.554] draw dirty=270.0x437.0@0.0,-32.0 bounds=270.0x405.0@0.0,0.0 grid=31x29 scale=2.0 screen=BenQ MA270U
[ 66.655] step moves=1 diag=0 level=false shimmer=false released=0 sec=1476 toast=false -> repaint=true
[ 66.655] draw dirty=270.0x437.0@0.0,-32.0 bounds=270.0x405.0@0.0,0.0 grid=31x29 scale=2.0 screen=BenQ MA270U
[ 66.755] step moves=1 diag=0 level=false shimmer=false released=0 sec=1476 toast=false -> repaint=true
[ 66.755] draw dirty=270.0x437.0@0.0,-32.0 bounds=270.0x405.0@0.0,0.0 grid=31x29 scale=2.0 screen=BenQ MA270U
[ 66.854] step moves=1 diag=1 level=false shimmer=false released=0 sec=1475 toast=false -> repaint=true
[ 66.854] draw dirty=270.0x437.0@0.0,-32.0 bounds=270.0x405.0@0.0,0.0 grid=31x29 scale=2.0 screen=BenQ MA270U
[ 66.955] step moves=1 diag=1 level=false shimmer=false released=0 sec=1475 toast=false -> repaint=true
[ 66.955] draw dirty=270.0x437.0@0.0,-32.0 bounds=270.0x405.0@0.0,0.0 grid=31x29 scale=2.0 screen=BenQ MA270U
[ 67.055] step moves=1 diag=1 level=false shimmer=true released=0 sec=1475 toast=false -> repaint=true
[ 67.055] draw dirty=270.0x437.0@0.0,-32.0 bounds=270.0x405.0@0.0,0.0 grid=31x29 scale=2.0 screen=BenQ MA270U
[ 67.154] step moves=0 diag=0 level=false shimmer=false released=0 sec=1475 toast=false -> repaint=false
[ 67.254] step moves=0 diag=0 level=false shimmer=false released=0 sec=1475 toast=false -> repaint=false
[ 67.355] step moves=0 diag=0 level=false shimmer=false released=0 sec=1475 toast=false -> repaint=false
[ 67.454] step moves=0 diag=0 level=false shimmer=false released=0 sec=1475 toast=false -> repaint=false
[ 67.555] step moves=0 diag=0 level=false shimmer=false released=0 sec=1475 toast=false -> repaint=false
[ 67.655] step moves=0 diag=0 level=false shimmer=false released=0 sec=1475 toast=false -> repaint=false
[ 67.754] step moves=0 diag=0 level=false shimmer=false released=0 sec=1475 toast=false -> repaint=false
[ 67.855] step moves=0 diag=0 level=false shimmer=false released=0 sec=1474 toast=false -> repaint=true
[ 67.856] draw dirty=270.0x437.0@0.0,-32.0 bounds=270.0x405.0@0.0,0.0 grid=31x29 scale=2.0 screen=BenQ MA270U
[ 67.955] step moves=0 diag=0 level=false shimmer=false released=0 sec=1474 toast=false -> repaint=false
[ 68.055] step moves=0 diag=0 level=false shimmer=true released=0 sec=1474 toast=false -> repaint=true
[ 68.056] draw dirty=270.0x437.0@0.0,-32.0 bounds=270.0x405.0@0.0,0.0 grid=31x29 scale=2.0 screen=BenQ MA270U
[ 68.154] step moves=0 diag=0 level=false shimmer=false released=0 sec=1474 toast=false -> repaint=false
[ 68.255] step moves=0 diag=0 level=false shimmer=false released=0 sec=1474 toast=false -> repaint=false
[ 68.355] step moves=0 diag=0 level=false shimmer=false released=0 sec=1474 toast=false -> repaint=false
[ 68.455] step moves=0 diag=0 level=false shimmer=false released=0 sec=1474 toast=false -> repaint=false
[ 68.555] step moves=0 diag=0 level=false shimmer=false released=0 sec=1474 toast=false -> repaint=false
[ 68.655] step moves=0 diag=0 level=false shimmer=false released=0 sec=1474 toast=false -> repaint=false
[ 68.754] step moves=0 diag=0 level=false shimmer=false released=0 sec=1474 toast=false -> repaint=false
[ 68.855] step moves=0 diag=0 level=false shimmer=false released=0 sec=1473 toast=false -> repaint=true
[ 68.856] draw dirty=270.0x437.0@0.0,-32.0 bounds=270.0x405.0@0.0,0.0 grid=31x29 scale=2.0 screen=BenQ MA270U
[ 68.955] step moves=0 diag=0 level=false shimmer=false released=0 sec=1473 toast=false -> repaint=false
[ 69.055] step moves=0 diag=0 level=false shimmer=true released=0 sec=1473 toast=false -> repaint=true
[ 69.055] draw dirty=270.0x437.0@0.0,-32.0 bounds=270.0x405.0@0.0,0.0 grid=31x29 scale=2.0 screen=BenQ MA270U
[ 69.154] step moves=0 diag=0 level=false shimmer=false released=0 sec=1473 toast=false -> repaint=false
[ 69.255] step moves=0 diag=0 level=false shimmer=false released=0 sec=1473 toast=false -> repaint=false
[ 69.355] step moves=0 diag=0 level=false shimmer=false released=0 sec=1473 toast=false -> repaint=false
[ 69.455] step moves=0 diag=0 level=false shimmer=false released=0 sec=1473 toast=false -> repaint=false
[ 69.555] step moves=0 diag=0 level=false shimmer=false released=0 sec=1473 toast=false -> repaint=false
[ 69.655] step moves=0 diag=0 level=false shimmer=false released=0 sec=1473 toast=false -> repaint=false
[ 69.755] step moves=0 diag=0 level=false shimmer=false released=0 sec=1473 toast=false -> repaint=false
[ 69.855] step moves=0 diag=0 level=false shimmer=false released=0 sec=1472 toast=false -> repaint=true
[ 69.856] draw dirty=270.0x437.0@0.0,-32.0 bounds=270.0x405.0@0.0,0.0 grid=31x29 scale=2.0 screen=BenQ MA270U
[ 69.955] step moves=0 diag=0 level=false shimmer=false released=0 sec=1472 toast=false -> repaint=false
[ 70.055] step moves=0 diag=0 level=false shimmer=true released=0 sec=1472 toast=false -> repaint=true
[ 70.056] draw dirty=270.0x437.0@0.0,-32.0 bounds=270.0x405.0@0.0,0.0 grid=31x29 scale=2.0 screen=BenQ MA270U
[ 70.154] step moves=0 diag=0 level=false shimmer=false released=0 sec=1472 toast=false -> repaint=false
[ 70.255] step moves=0 diag=0 level=false shimmer=false released=0 sec=1472 toast=false -> repaint=false
[ 70.354] step moves=0 diag=0 level=false shimmer=false released=0 sec=1472 toast=false -> repaint=false
[ 70.455] step moves=0 diag=0 level=false shimmer=false released=0 sec=1472 toast=false -> repaint=false
[ 70.555] step moves=0 diag=0 level=false shimmer=false released=0 sec=1472 toast=false -> repaint=false
[ 70.655] step moves=0 diag=0 level=false shimmer=false released=0 sec=1472 toast=false -> repaint=false
[ 70.754] step moves=0 diag=0 level=false shimmer=false released=0 sec=1472 toast=false -> repaint=false
[ 70.855] step moves=0 diag=0 level=false shimmer=false released=0 sec=1471 toast=false -> repaint=true
[ 70.855] draw dirty=270.0x437.0@0.0,-32.0 bounds=270.0x405.0@0.0,0.0 grid=31x29 scale=2.0 screen=BenQ MA270U
[ 70.955] step moves=0 diag=0 level=false shimmer=false released=0 sec=1471 toast=false -> repaint=false
[ 71.055] step moves=0 diag=0 level=false shimmer=true released=0 sec=1471 toast=false -> repaint=true
[ 71.055] draw dirty=270.0x437.0@0.0,-32.0 bounds=270.0x405.0@0.0,0.0 grid=31x29 scale=2.0 screen=BenQ MA270U
[ 71.154] step moves=0 diag=0 level=false shimmer=false released=0 sec=1471 toast=false -> repaint=false
[ 71.255] step moves=0 diag=0 level=false shimmer=false released=0 sec=1471 toast=false -> repaint=false
[ 71.355] step moves=0 diag=0 level=false shimmer=false released=0 sec=1471 toast=false -> repaint=false
[ 71.455] step moves=0 diag=0 level=false shimmer=false released=0 sec=1471 toast=false -> repaint=false
[ 71.555] step moves=0 diag=0 level=false shimmer=false released=0 sec=1471 toast=false -> repaint=false
[ 71.655] step moves=0 diag=0 level=false shimmer=false released=0 sec=1471 toast=false -> repaint=false
[ 71.755] step moves=0 diag=0 level=false shimmer=false released=0 sec=1471 toast=false -> repaint=false
[ 71.854] step moves=0 diag=0 level=false shimmer=false released=0 sec=1470 toast=false -> repaint=true
[ 71.855] draw dirty=270.0x437.0@0.0,-32.0 bounds=270.0x405.0@0.0,0.0 grid=31x29 scale=2.0 screen=BenQ MA270U
[ 71.955] step moves=0 diag=0 level=false shimmer=false released=0 sec=1470 toast=false -> repaint=false
[ 72.055] step moves=0 diag=0 level=false shimmer=true released=0 sec=1470 toast=false -> repaint=true
[ 72.055] draw dirty=270.0x437.0@0.0,-32.0 bounds=270.0x405.0@0.0,0.0 grid=31x29 scale=2.0 screen=BenQ MA270U
[ 72.154] step moves=0 diag=0 level=false shimmer=false released=0 sec=1470 toast=false -> repaint=false
[ 72.255] step moves=0 diag=0 level=false shimmer=false released=0 sec=1470 toast=false -> repaint=false
[ 72.355] step moves=0 diag=0 level=false shimmer=false released=0 sec=1470 toast=false -> repaint=false
[ 72.455] step moves=0 diag=0 level=false shimmer=false released=0 sec=1470 toast=false -> repaint=false
[ 72.555] step moves=0 diag=0 level=false shimmer=false released=0 sec=1470 toast=false -> repaint=false
[ 72.655] step moves=0 diag=0 level=false shimmer=false released=0 sec=1470 toast=false -> repaint=false
[ 72.755] step moves=0 diag=0 level=false shimmer=false released=0 sec=1470 toast=false -> repaint=false
[ 72.855] step moves=0 diag=0 level=false shimmer=false released=0 sec=1469 toast=false -> repaint=true
[ 72.856] draw dirty=270.0x437.0@0.0,-32.0 bounds=270.0x405.0@0.0,0.0 grid=31x29 scale=2.0 screen=BenQ MA270U
[ 72.955] step moves=0 diag=0 level=false shimmer=false released=0 sec=1469 toast=false -> repaint=false
[ 73.055] step moves=0 diag=0 level=false shimmer=true released=0 sec=1469 toast=false -> repaint=true
[ 73.056] draw dirty=270.0x437.0@0.0,-32.0 bounds=270.0x405.0@0.0,0.0 grid=31x29 scale=2.0 screen=BenQ MA270U
[ 73.154] step moves=0 diag=0 level=false shimmer=false released=0 sec=1469 toast=false -> repaint=false
[ 73.255] step moves=0 diag=0 level=false shimmer=false released=0 sec=1469 toast=false -> repaint=false
[ 73.355] step moves=0 diag=0 level=false shimmer=false released=0 sec=1469 toast=false -> repaint=false
[ 73.455] step moves=0 diag=0 level=false shimmer=false released=0 sec=1469 toast=false -> repaint=false
[ 73.555] step moves=0 diag=0 level=false shimmer=false released=0 sec=1469 toast=false -> repaint=false
[ 73.655] step moves=12 diag=1 level=false shimmer=false released=1 sec=1469 toast=false -> repaint=true
[ 73.656] draw dirty=270.0x437.0@0.0,-32.0 bounds=270.0x405.0@0.0,0.0 grid=31x29 scale=2.0 screen=BenQ MA270U
[ 73.754] step moves=1 diag=0 level=false shimmer=false released=0 sec=1469 toast=false -> repaint=true
[ 73.755] draw dirty=270.0x437.0@0.0,-32.0 bounds=270.0x405.0@0.0,0.0 grid=31x29 scale=2.0 screen=BenQ MA270U
[ 73.854] step moves=1 diag=0 level=false shimmer=false released=0 sec=1468 toast=false -> repaint=true
[ 73.855] draw dirty=270.0x437.0@0.0,-32.0 bounds=270.0x405.0@0.0,0.0 grid=31x29 scale=2.0 screen=BenQ MA270U
[ 73.955] step moves=1 diag=0 level=false shimmer=false released=0 sec=1468 toast=false -> repaint=true
[ 73.955] draw dirty=270.0x437.0@0.0,-32.0 bounds=270.0x405.0@0.0,0.0 grid=31x29 scale=2.0 screen=BenQ MA270U
[ 74.054] step moves=1 diag=0 level=false shimmer=true released=0 sec=1468 toast=false -> repaint=true
[ 74.054] draw dirty=270.0x437.0@0.0,-32.0 bounds=270.0x405.0@0.0,0.0 grid=31x29 scale=2.0 screen=BenQ MA270U
[ 74.154] step moves=1 diag=0 level=false shimmer=false released=0 sec=1468 toast=false -> repaint=true
[ 74.155] draw dirty=270.0x437.0@0.0,-32.0 bounds=270.0x405.0@0.0,0.0 grid=31x29 scale=2.0 screen=BenQ MA270U
[ 74.255] step moves=1 diag=0 level=false shimmer=false released=0 sec=1468 toast=false -> repaint=true
[ 74.256] draw dirty=270.0x437.0@0.0,-32.0 bounds=270.0x405.0@0.0,0.0 grid=31x29 scale=2.0 screen=BenQ MA270U
[ 74.355] step moves=1 diag=0 level=false shimmer=false released=0 sec=1468 toast=false -> repaint=true
[ 74.356] draw dirty=270.0x437.0@0.0,-32.0 bounds=270.0x405.0@0.0,0.0 grid=31x29 scale=2.0 screen=BenQ MA270U
[ 74.455] step moves=1 diag=0 level=false shimmer=false released=0 sec=1468 toast=false -> repaint=true
[ 74.455] draw dirty=270.0x437.0@0.0,-32.0 bounds=270.0x405.0@0.0,0.0 grid=31x29 scale=2.0 screen=BenQ MA270U
[ 74.554] step moves=1 diag=1 level=false shimmer=false released=0 sec=1468 toast=false -> repaint=true
[ 74.554] draw dirty=270.0x437.0@0.0,-32.0 bounds=270.0x405.0@0.0,0.0 grid=31x29 scale=2.0 screen=BenQ MA270U
[ 74.654] step moves=1 diag=1 level=false shimmer=false released=0 sec=1468 toast=false -> repaint=true
[ 74.654] draw dirty=270.0x437.0@0.0,-32.0 bounds=270.0x405.0@0.0,0.0 grid=31x29 scale=2.0 screen=BenQ MA270U
[ 74.755] step moves=1 diag=1 level=false shimmer=false released=0 sec=1468 toast=false -> repaint=true
[ 74.755] draw dirty=270.0x437.0@0.0,-32.0 bounds=270.0x405.0@0.0,0.0 grid=31x29 scale=2.0 screen=BenQ MA270U
[ 74.854] step moves=1 diag=1 level=false shimmer=false released=0 sec=1467 toast=false -> repaint=true
[ 74.854] draw dirty=270.0x437.0@0.0,-32.0 bounds=270.0x405.0@0.0,0.0 grid=31x29 scale=2.0 screen=BenQ MA270U
[ 74.955] step moves=0 diag=0 level=false shimmer=false released=0 sec=1467 toast=false -> repaint=false
[ 75.055] step moves=0 diag=0 level=false shimmer=true released=0 sec=1467 toast=false -> repaint=true
[ 75.055] draw dirty=270.0x437.0@0.0,-32.0 bounds=270.0x405.0@0.0,0.0 grid=31x29 scale=2.0 screen=BenQ MA270U
[ 75.159] step moves=0 diag=0 level=false shimmer=false released=0 sec=1467 toast=false -> repaint=false
[ 75.254] step moves=0 diag=0 level=false shimmer=false released=0 sec=1467 toast=false -> repaint=false
[ 75.355] step moves=0 diag=0 level=false shimmer=false released=0 sec=1467 toast=false -> repaint=false
[ 75.455] step moves=0 diag=0 level=false shimmer=false released=0 sec=1467 toast=false -> repaint=false
[ 75.555] step moves=0 diag=0 level=false shimmer=false released=0 sec=1467 toast=false -> repaint=false
[ 75.654] step moves=0 diag=0 level=false shimmer=false released=0 sec=1467 toast=false -> repaint=false
[ 75.755] step moves=0 diag=0 level=false shimmer=false released=0 sec=1467 toast=false -> repaint=false
[ 75.855] step moves=0 diag=0 level=false shimmer=false released=0 sec=1466 toast=false -> repaint=true
[ 75.855] draw dirty=270.0x437.0@0.0,-32.0 bounds=270.0x405.0@0.0,0.0 grid=31x29 scale=2.0 screen=BenQ MA270U
[ 75.955] step moves=0 diag=0 level=false shimmer=false released=0 sec=1466 toast=false -> repaint=false
[ 76.055] step moves=0 diag=0 level=false shimmer=true released=0 sec=1466 toast=false -> repaint=true
[ 76.055] draw dirty=270.0x437.0@0.0,-32.0 bounds=270.0x405.0@0.0,0.0 grid=31x29 scale=2.0 screen=BenQ MA270U
[ 76.154] step moves=0 diag=0 level=false shimmer=false released=0 sec=1466 toast=false -> repaint=false
[ 76.255] step moves=0 diag=0 level=false shimmer=false released=0 sec=1466 toast=false -> repaint=false
[ 76.355] step moves=0 diag=0 level=false shimmer=false released=0 sec=1466 toast=false -> repaint=false
[ 76.454] step moves=0 diag=0 level=false shimmer=false released=0 sec=1466 toast=false -> repaint=false
[ 76.555] step moves=0 diag=0 level=false shimmer=false released=0 sec=1466 toast=false -> repaint=false
[ 76.655] step moves=0 diag=0 level=false shimmer=false released=0 sec=1466 toast=false -> repaint=false
[ 76.755] step moves=0 diag=0 level=false shimmer=false released=0 sec=1466 toast=false -> repaint=false
[ 76.855] step moves=0 diag=0 level=false shimmer=false released=0 sec=1465 toast=false -> repaint=true
[ 76.855] draw dirty=270.0x437.0@0.0,-32.0 bounds=270.0x405.0@0.0,0.0 grid=31x29 scale=2.0 screen=BenQ MA270U
[ 76.955] step moves=0 diag=0 level=false shimmer=false released=0 sec=1465 toast=false -> repaint=false
[ 77.055] step moves=0 diag=0 level=false shimmer=false released=0 sec=1465 toast=false -> repaint=false
[ 77.154] step moves=0 diag=0 level=false shimmer=false released=0 sec=1465 toast=false -> repaint=false
[ 77.254] step moves=0 diag=0 level=false shimmer=false released=0 sec=1465 toast=false -> repaint=false
[ 77.355] step moves=0 diag=0 level=false shimmer=false released=0 sec=1465 toast=false -> repaint=false
[ 77.455] step moves=0 diag=0 level=false shimmer=false released=0 sec=1465 toast=false -> repaint=false
[ 77.555] step moves=0 diag=0 level=false shimmer=false released=0 sec=1465 toast=false -> repaint=false
[ 77.655] step moves=0 diag=0 level=false shimmer=false released=0 sec=1465 toast=false -> repaint=false
[ 77.755] step moves=0 diag=0 level=false shimmer=false released=0 sec=1465 toast=false -> repaint=false
[ 77.855] step moves=0 diag=0 level=false shimmer=false released=0 sec=1464 toast=false -> repaint=true
[ 77.855] draw dirty=270.0x437.0@0.0,-32.0 bounds=270.0x405.0@0.0,0.0 grid=31x29 scale=2.0 screen=BenQ MA270U
[ 77.954] step moves=0 diag=0 level=false shimmer=false released=0 sec=1464 toast=false -> repaint=false
[ 78.055] step moves=0 diag=0 level=false shimmer=true released=0 sec=1464 toast=false -> repaint=true
[ 78.055] draw dirty=270.0x437.0@0.0,-32.0 bounds=270.0x405.0@0.0,0.0 grid=31x29 scale=2.0 screen=BenQ MA270U
[ 78.154] step moves=0 diag=0 level=false shimmer=false released=0 sec=1464 toast=false -> repaint=false
[ 78.254] step moves=0 diag=0 level=false shimmer=false released=0 sec=1464 toast=false -> repaint=false
[ 78.355] step moves=0 diag=0 level=false shimmer=false released=0 sec=1464 toast=false -> repaint=false
[ 78.455] step moves=0 diag=0 level=false shimmer=false released=0 sec=1464 toast=false -> repaint=false
[ 78.555] step moves=0 diag=0 level=false shimmer=false released=0 sec=1464 toast=false -> repaint=false
[ 78.655] step moves=0 diag=0 level=false shimmer=false released=0 sec=1464 toast=false -> repaint=false
[ 78.755] step moves=0 diag=0 level=false shimmer=false released=0 sec=1464 toast=false -> repaint=false
[ 78.855] step moves=0 diag=0 level=false shimmer=false released=0 sec=1463 toast=false -> repaint=true
[ 78.855] draw dirty=270.0x437.0@0.0,-32.0 bounds=270.0x405.0@0.0,0.0 grid=31x29 scale=2.0 screen=BenQ MA270U
[ 78.955] step moves=0 diag=0 level=false shimmer=false released=0 sec=1463 toast=false -> repaint=false
[ 79.055] step moves=0 diag=0 level=false shimmer=false released=0 sec=1463 toast=false -> repaint=false
[ 79.154] step moves=0 diag=0 level=false shimmer=false released=0 sec=1463 toast=false -> repaint=false
[ 79.255] step moves=0 diag=0 level=false shimmer=false released=0 sec=1463 toast=false -> repaint=false
[ 79.355] step moves=0 diag=0 level=false shimmer=false released=0 sec=1463 toast=false -> repaint=false
[ 79.455] step moves=0 diag=0 level=false shimmer=false released=0 sec=1463 toast=false -> repaint=false
[ 79.555] step moves=0 diag=0 level=false shimmer=false released=0 sec=1463 toast=false -> repaint=false
[ 79.655] step moves=0 diag=0 level=false shimmer=false released=0 sec=1463 toast=false -> repaint=false
[ 79.755] step moves=0 diag=0 level=false shimmer=false released=0 sec=1463 toast=false -> repaint=false
[ 79.855] step moves=0 diag=0 level=false shimmer=false released=0 sec=1462 toast=false -> repaint=true
[ 79.856] draw dirty=270.0x437.0@0.0,-32.0 bounds=270.0x405.0@0.0,0.0 grid=31x29 scale=2.0 screen=BenQ MA270U
[ 79.955] step moves=0 diag=0 level=false shimmer=false released=0 sec=1462 toast=false -> repaint=false
[ 80.055] step moves=0 diag=0 level=false shimmer=true released=0 sec=1462 toast=false -> repaint=true
[ 80.056] draw dirty=270.0x437.0@0.0,-32.0 bounds=270.0x405.0@0.0,0.0 grid=31x29 scale=2.0 screen=BenQ MA270U
[ 80.154] step moves=0 diag=0 level=false shimmer=false released=0 sec=1462 toast=false -> repaint=false
[ 80.255] step moves=0 diag=0 level=false shimmer=false released=0 sec=1462 toast=false -> repaint=false
[ 80.355] step moves=0 diag=0 level=false shimmer=false released=0 sec=1462 toast=false -> repaint=false
[ 80.455] step moves=0 diag=0 level=false shimmer=false released=0 sec=1462 toast=false -> repaint=false
[ 80.555] step moves=0 diag=0 level=false shimmer=false released=0 sec=1462 toast=false -> repaint=false
[ 80.655] step moves=0 diag=0 level=false shimmer=false released=0 sec=1462 toast=false -> repaint=false
[ 80.755] step moves=0 diag=0 level=false shimmer=false released=0 sec=1462 toast=false -> repaint=false
[ 80.854] step moves=0 diag=0 level=false shimmer=false released=0 sec=1461 toast=false -> repaint=true
[ 80.855] draw dirty=270.0x437.0@0.0,-32.0 bounds=270.0x405.0@0.0,0.0 grid=31x29 scale=2.0 screen=BenQ MA270U
[ 80.955] step moves=0 diag=0 level=false shimmer=false released=0 sec=1461 toast=false -> repaint=false
[ 81.055] step moves=0 diag=0 level=false shimmer=true released=0 sec=1461 toast=false -> repaint=true
[ 81.055] draw dirty=270.0x437.0@0.0,-32.0 bounds=270.0x405.0@0.0,0.0 grid=31x29 scale=2.0 screen=BenQ MA270U
[ 81.154] step moves=0 diag=0 level=false shimmer=false released=0 sec=1461 toast=false -> repaint=false
[ 81.254] step moves=0 diag=0 level=false shimmer=false released=0 sec=1461 toast=false -> repaint=false
[ 81.354] step moves=11 diag=0 level=true shimmer=false released=1 sec=1461 toast=false -> repaint=true
[ 81.355] draw dirty=270.0x437.0@0.0,-32.0 bounds=270.0x405.0@0.0,0.0 grid=31x29 scale=2.0 screen=BenQ MA270U
[ 81.455] step moves=1 diag=0 level=false shimmer=false released=0 sec=1461 toast=false -> repaint=true
[ 81.455] draw dirty=270.0x437.0@0.0,-32.0 bounds=270.0x405.0@0.0,0.0 grid=31x29 scale=2.0 screen=BenQ MA270U
[ 81.554] step moves=1 diag=0 level=false shimmer=false released=0 sec=1461 toast=false -> repaint=true
[ 81.555] draw dirty=270.0x437.0@0.0,-32.0 bounds=270.0x405.0@0.0,0.0 grid=31x29 scale=2.0 screen=BenQ MA270U
[ 81.655] step moves=1 diag=0 level=false shimmer=false released=0 sec=1461 toast=false -> repaint=true
[ 81.655] draw dirty=270.0x437.0@0.0,-32.0 bounds=270.0x405.0@0.0,0.0 grid=31x29 scale=2.0 screen=BenQ MA270U
[ 81.755] step moves=1 diag=0 level=false shimmer=false released=0 sec=1461 toast=false -> repaint=true
[ 81.755] draw dirty=270.0x437.0@0.0,-32.0 bounds=270.0x405.0@0.0,0.0 grid=31x29 scale=2.0 screen=BenQ MA270U
[ 81.855] step moves=1 diag=0 level=false shimmer=false released=0 sec=1460 toast=false -> repaint=true
[ 81.855] draw dirty=270.0x437.0@0.0,-32.0 bounds=270.0x405.0@0.0,0.0 grid=31x29 scale=2.0 screen=BenQ MA270U
[ 81.955] step moves=1 diag=0 level=false shimmer=false released=0 sec=1460 toast=false -> repaint=true
[ 81.955] draw dirty=270.0x437.0@0.0,-32.0 bounds=270.0x405.0@0.0,0.0 grid=31x29 scale=2.0 screen=BenQ MA270U
[ 82.054] step moves=1 diag=0 level=false shimmer=true released=0 sec=1460 toast=false -> repaint=true
[ 82.055] draw dirty=270.0x437.0@0.0,-32.0 bounds=270.0x405.0@0.0,0.0 grid=31x29 scale=2.0 screen=BenQ MA270U
[ 82.154] step moves=1 diag=0 level=false shimmer=false released=0 sec=1460 toast=false -> repaint=true
[ 82.155] draw dirty=270.0x437.0@0.0,-32.0 bounds=270.0x405.0@0.0,0.0 grid=31x29 scale=2.0 screen=BenQ MA270U
[ 82.255] step moves=1 diag=1 level=false shimmer=false released=0 sec=1460 toast=false -> repaint=true
[ 82.256] draw dirty=270.0x437.0@0.0,-32.0 bounds=270.0x405.0@0.0,0.0 grid=31x29 scale=2.0 screen=BenQ MA270U
[ 82.354] step moves=1 diag=1 level=false shimmer=false released=0 sec=1460 toast=false -> repaint=true
[ 82.355] draw dirty=270.0x437.0@0.0,-32.0 bounds=270.0x405.0@0.0,0.0 grid=31x29 scale=2.0 screen=BenQ MA270U
[ 82.455] step moves=0 diag=0 level=false shimmer=false released=0 sec=1460 toast=false -> repaint=false
[ 82.555] step moves=0 diag=0 level=false shimmer=false released=0 sec=1460 toast=false -> repaint=false
[ 82.655] step moves=0 diag=0 level=false shimmer=false released=0 sec=1460 toast=false -> repaint=false
[ 82.755] step moves=0 diag=0 level=false shimmer=false released=0 sec=1460 toast=false -> repaint=false
[ 82.854] step moves=0 diag=0 level=false shimmer=false released=0 sec=1459 toast=false -> repaint=true
[ 82.855] draw dirty=270.0x437.0@0.0,-32.0 bounds=270.0x405.0@0.0,0.0 grid=31x29 scale=2.0 screen=BenQ MA270U
[ 82.955] step moves=0 diag=0 level=false shimmer=false released=0 sec=1459 toast=false -> repaint=false
[ 83.055] step moves=0 diag=0 level=false shimmer=true released=0 sec=1459 toast=false -> repaint=true
[ 83.056] draw dirty=270.0x437.0@0.0,-32.0 bounds=270.0x405.0@0.0,0.0 grid=31x29 scale=2.0 screen=BenQ MA270U
[ 83.154] step moves=0 diag=0 level=false shimmer=false released=0 sec=1459 toast=false -> repaint=false
[ 83.255] step moves=0 diag=0 level=false shimmer=false released=0 sec=1459 toast=false -> repaint=false
[ 83.355] step moves=0 diag=0 level=false shimmer=false released=0 sec=1459 toast=false -> repaint=false
[ 83.455] step moves=0 diag=0 level=false shimmer=false released=0 sec=1459 toast=false -> repaint=false
[ 83.555] step moves=0 diag=0 level=false shimmer=false released=0 sec=1459 toast=false -> repaint=false
[ 83.655] step moves=0 diag=0 level=false shimmer=false released=0 sec=1459 toast=false -> repaint=false
[ 83.755] step moves=0 diag=0 level=false shimmer=false released=0 sec=1459 toast=false -> repaint=false
[ 83.855] step moves=0 diag=0 level=false shimmer=false released=0 sec=1458 toast=false -> repaint=true
[ 83.855] draw dirty=270.0x437.0@0.0,-32.0 bounds=270.0x405.0@0.0,0.0 grid=31x29 scale=2.0 screen=BenQ MA270U
[ 83.955] step moves=0 diag=0 level=false shimmer=false released=0 sec=1458 toast=false -> repaint=false
[ 84.055] step moves=0 diag=0 level=false shimmer=true released=0 sec=1458 toast=false -> repaint=true
[ 84.055] draw dirty=270.0x437.0@0.0,-32.0 bounds=270.0x405.0@0.0,0.0 grid=31x29 scale=2.0 screen=BenQ MA270U
[ 84.154] step moves=0 diag=0 level=false shimmer=false released=0 sec=1458 toast=false -> repaint=false
[ 84.255] step moves=0 diag=0 level=false shimmer=false released=0 sec=1458 toast=false -> repaint=false
[ 84.355] step moves=0 diag=0 level=false shimmer=false released=0 sec=1458 toast=false -> repaint=false
[ 84.455] step moves=0 diag=0 level=false shimmer=false released=0 sec=1458 toast=false -> repaint=false
[ 84.555] step moves=0 diag=0 level=false shimmer=false released=0 sec=1458 toast=false -> repaint=false
[ 84.655] step moves=0 diag=0 level=false shimmer=false released=0 sec=1458 toast=false -> repaint=false
[ 84.755] step moves=0 diag=0 level=false shimmer=false released=0 sec=1458 toast=false -> repaint=false
[ 84.854] step moves=0 diag=0 level=false shimmer=false released=0 sec=1457 toast=false -> repaint=true
[ 84.855] draw dirty=270.0x437.0@0.0,-32.0 bounds=270.0x405.0@0.0,0.0 grid=31x29 scale=2.0 screen=BenQ MA270U
[ 84.955] step moves=0 diag=0 level=false shimmer=false released=0 sec=1457 toast=false -> repaint=false
[ 85.054] step moves=0 diag=0 level=false shimmer=true released=0 sec=1457 toast=false -> repaint=true
[ 85.054] draw dirty=270.0x437.0@0.0,-32.0 bounds=270.0x405.0@0.0,0.0 grid=31x29 scale=2.0 screen=BenQ MA270U
[ 85.154] step moves=0 diag=0 level=false shimmer=false released=0 sec=1457 toast=false -> repaint=false
[ 85.254] step moves=0 diag=0 level=false shimmer=false released=0 sec=1457 toast=false -> repaint=false
[ 85.354] step moves=0 diag=0 level=false shimmer=false released=0 sec=1457 toast=false -> repaint=false
[ 85.455] step moves=0 diag=0 level=false shimmer=false released=0 sec=1457 toast=false -> repaint=false
[ 85.554] step moves=0 diag=0 level=false shimmer=false released=0 sec=1457 toast=false -> repaint=false
[ 85.655] step moves=0 diag=0 level=false shimmer=false released=0 sec=1457 toast=false -> repaint=false
[ 85.755] step moves=0 diag=0 level=false shimmer=false released=0 sec=1457 toast=false -> repaint=false
[ 85.855] step moves=0 diag=0 level=false shimmer=false released=0 sec=1456 toast=false -> repaint=true
[ 85.855] draw dirty=270.0x437.0@0.0,-32.0 bounds=270.0x405.0@0.0,0.0 grid=31x29 scale=2.0 screen=BenQ MA270U
[ 85.955] step moves=0 diag=0 level=false shimmer=false released=0 sec=1456 toast=false -> repaint=false
[ 86.055] step moves=0 diag=0 level=false shimmer=false released=0 sec=1456 toast=false -> repaint=false
[ 86.154] step moves=0 diag=0 level=false shimmer=false released=0 sec=1456 toast=false -> repaint=false
[ 86.255] step moves=0 diag=0 level=false shimmer=false released=0 sec=1456 toast=false -> repaint=false
[ 86.355] step moves=0 diag=0 level=false shimmer=false released=0 sec=1456 toast=false -> repaint=false
[ 86.454] step moves=0 diag=0 level=false shimmer=false released=0 sec=1456 toast=false -> repaint=false
[ 86.555] step moves=0 diag=0 level=false shimmer=false released=0 sec=1456 toast=false -> repaint=false
[ 86.654] step moves=0 diag=0 level=false shimmer=false released=0 sec=1456 toast=false -> repaint=false
[ 86.755] step moves=0 diag=0 level=false shimmer=false released=0 sec=1456 toast=false -> repaint=false
[ 86.854] step moves=0 diag=0 level=false shimmer=false released=0 sec=1455 toast=false -> repaint=true
[ 86.855] draw dirty=270.0x437.0@0.0,-32.0 bounds=270.0x405.0@0.0,0.0 grid=31x29 scale=2.0 screen=BenQ MA270U
[ 86.955] step moves=0 diag=0 level=false shimmer=false released=0 sec=1455 toast=false -> repaint=false
[ 87.055] step moves=0 diag=0 level=false shimmer=true released=0 sec=1455 toast=false -> repaint=true
[ 87.055] draw dirty=270.0x437.0@0.0,-32.0 bounds=270.0x405.0@0.0,0.0 grid=31x29 scale=2.0 screen=BenQ MA270U
[ 87.154] step moves=0 diag=0 level=false shimmer=false released=0 sec=1455 toast=false -> repaint=false
[ 87.255] step moves=0 diag=0 level=false shimmer=false released=0 sec=1455 toast=false -> repaint=false
[ 87.355] step moves=0 diag=0 level=false shimmer=false released=0 sec=1455 toast=false -> repaint=false
[ 87.454] step moves=0 diag=0 level=false shimmer=false released=0 sec=1455 toast=false -> repaint=false
[ 87.555] step moves=0 diag=0 level=false shimmer=false released=0 sec=1455 toast=false -> repaint=false
[ 87.655] step moves=0 diag=0 level=false shimmer=false released=0 sec=1455 toast=false -> repaint=false
[ 87.755] step moves=0 diag=0 level=false shimmer=false released=0 sec=1455 toast=false -> repaint=false
[ 87.855] step moves=0 diag=0 level=false shimmer=false released=0 sec=1454 toast=false -> repaint=true
[ 87.855] draw dirty=270.0x437.0@0.0,-32.0 bounds=270.0x405.0@0.0,0.0 grid=31x29 scale=2.0 screen=BenQ MA270U
[ 87.955] step moves=0 diag=0 level=false shimmer=false released=0 sec=1454 toast=false -> repaint=false
[ 88.055] step moves=0 diag=0 level=false shimmer=true released=0 sec=1454 toast=false -> repaint=true
[ 88.055] draw dirty=270.0x437.0@0.0,-32.0 bounds=270.0x405.0@0.0,0.0 grid=31x29 scale=2.0 screen=BenQ MA270U
[ 88.154] step moves=0 diag=0 level=false shimmer=false released=0 sec=1454 toast=false -> repaint=false
[ 88.254] step moves=0 diag=0 level=false shimmer=false released=0 sec=1454 toast=false -> repaint=false
[ 88.355] step moves=0 diag=0 level=false shimmer=false released=0 sec=1454 toast=false -> repaint=false
[ 88.455] step moves=0 diag=0 level=false shimmer=false released=0 sec=1454 toast=false -> repaint=false
[ 88.555] step moves=0 diag=0 level=false shimmer=false released=0 sec=1454 toast=false -> repaint=false
[ 88.655] step moves=0 diag=0 level=false shimmer=false released=0 sec=1454 toast=false -> repaint=false
[ 88.755] step moves=0 diag=0 level=false shimmer=false released=0 sec=1454 toast=false -> repaint=false
[ 88.855] step moves=0 diag=0 level=false shimmer=false released=0 sec=1453 toast=false -> repaint=true
[ 88.855] draw dirty=270.0x437.0@0.0,-32.0 bounds=270.0x405.0@0.0,0.0 grid=31x29 scale=2.0 screen=BenQ MA270U
[ 88.954] step moves=0 diag=0 level=false shimmer=false released=0 sec=1453 toast=false -> repaint=false
[ 89.055] step moves=11 diag=0 level=true shimmer=true released=1 sec=1453 toast=false -> repaint=true
[ 89.055] draw dirty=270.0x437.0@0.0,-32.0 bounds=270.0x405.0@0.0,0.0 grid=31x29 scale=2.0 screen=BenQ MA270U
[ 89.154] step moves=1 diag=0 level=false shimmer=false released=0 sec=1453 toast=false -> repaint=true
[ 89.155] draw dirty=270.0x437.0@0.0,-32.0 bounds=270.0x405.0@0.0,0.0 grid=31x29 scale=2.0 screen=BenQ MA270U
[ 89.255] step moves=1 diag=0 level=false shimmer=false released=0 sec=1453 toast=false -> repaint=true
[ 89.255] draw dirty=270.0x437.0@0.0,-32.0 bounds=270.0x405.0@0.0,0.0 grid=31x29 scale=2.0 screen=BenQ MA270U
[ 89.355] step moves=1 diag=0 level=false shimmer=false released=0 sec=1453 toast=false -> repaint=true
[ 89.355] draw dirty=270.0x437.0@0.0,-32.0 bounds=270.0x405.0@0.0,0.0 grid=31x29 scale=2.0 screen=BenQ MA270U
[ 89.455] step moves=1 diag=0 level=false shimmer=false released=0 sec=1453 toast=false -> repaint=true
[ 89.455] draw dirty=270.0x437.0@0.0,-32.0 bounds=270.0x405.0@0.0,0.0 grid=31x29 scale=2.0 screen=BenQ MA270U
[ 89.555] step moves=1 diag=0 level=false shimmer=false released=0 sec=1453 toast=false -> repaint=true
[ 89.555] draw dirty=270.0x437.0@0.0,-32.0 bounds=270.0x405.0@0.0,0.0 grid=31x29 scale=2.0 screen=BenQ MA270U
[ 89.654] step moves=1 diag=0 level=false shimmer=false released=0 sec=1453 toast=false -> repaint=true
[ 89.655] draw dirty=270.0x437.0@0.0,-32.0 bounds=270.0x405.0@0.0,0.0 grid=31x29 scale=2.0 screen=BenQ MA270U
[ 89.755] step moves=1 diag=0 level=false shimmer=false released=0 sec=1453 toast=false -> repaint=true
[ 89.755] draw dirty=270.0x437.0@0.0,-32.0 bounds=270.0x405.0@0.0,0.0 grid=31x29 scale=2.0 screen=BenQ MA270U
[ 89.855] step moves=1 diag=0 level=false shimmer=false released=0 sec=1452 toast=false -> repaint=true
[ 89.855] draw dirty=270.0x437.0@0.0,-32.0 bounds=270.0x405.0@0.0,0.0 grid=31x29 scale=2.0 screen=BenQ MA270U
[ 89.954] step moves=1 diag=1 level=false shimmer=false released=0 sec=1452 toast=false -> repaint=true
[ 89.954] draw dirty=270.0x437.0@0.0,-32.0 bounds=270.0x405.0@0.0,0.0 grid=31x29 scale=2.0 screen=BenQ MA270U
[ 90.055] step moves=0 diag=0 level=false shimmer=false released=0 sec=1452 toast=false -> repaint=false
[ 90.154] step moves=0 diag=0 level=false shimmer=false released=0 sec=1452 toast=false -> repaint=false
[ 90.254] step moves=0 diag=0 level=false shimmer=false released=0 sec=1452 toast=false -> repaint=false
[ 90.355] step moves=0 diag=0 level=false shimmer=false released=0 sec=1452 toast=false -> repaint=false
[ 90.455] step moves=0 diag=0 level=false shimmer=false released=0 sec=1452 toast=false -> repaint=false
[ 90.554] step moves=0 diag=0 level=false shimmer=false released=0 sec=1452 toast=false -> repaint=false
[ 90.655] step moves=0 diag=0 level=false shimmer=false released=0 sec=1452 toast=false -> repaint=false
[ 90.755] step moves=0 diag=0 level=false shimmer=false released=0 sec=1452 toast=false -> repaint=false
[ 90.854] step moves=0 diag=0 level=false shimmer=false released=0 sec=1451 toast=false -> repaint=true
[ 90.854] draw dirty=270.0x437.0@0.0,-32.0 bounds=270.0x405.0@0.0,0.0 grid=31x29 scale=2.0 screen=BenQ MA270U
[ 90.954] step moves=0 diag=0 level=false shimmer=false released=0 sec=1451 toast=false -> repaint=false
[ 91.055] step moves=0 diag=0 level=false shimmer=true released=0 sec=1451 toast=false -> repaint=true
[ 91.056] draw dirty=270.0x437.0@0.0,-32.0 bounds=270.0x405.0@0.0,0.0 grid=31x29 scale=2.0 screen=BenQ MA270U
[ 91.154] step moves=0 diag=0 level=false shimmer=false released=0 sec=1451 toast=false -> repaint=false
[ 91.254] step moves=0 diag=0 level=false shimmer=false released=0 sec=1451 toast=false -> repaint=false
[ 91.355] step moves=0 diag=0 level=false shimmer=false released=0 sec=1451 toast=false -> repaint=false
[ 91.455] step moves=0 diag=0 level=false shimmer=false released=0 sec=1451 toast=false -> repaint=false
[ 91.555] step moves=0 diag=0 level=false shimmer=false released=0 sec=1451 toast=false -> repaint=false
[ 91.655] step moves=0 diag=0 level=false shimmer=false released=0 sec=1451 toast=false -> repaint=false
[ 91.755] step moves=0 diag=0 level=false shimmer=false released=0 sec=1451 toast=false -> repaint=false
[ 91.854] step moves=0 diag=0 level=false shimmer=false released=0 sec=1450 toast=false -> repaint=true
[ 91.854] draw dirty=270.0x437.0@0.0,-32.0 bounds=270.0x405.0@0.0,0.0 grid=31x29 scale=2.0 screen=BenQ MA270U
[ 91.955] step moves=0 diag=0 level=false shimmer=false released=0 sec=1450 toast=false -> repaint=false
[ 92.055] step moves=0 diag=0 level=false shimmer=true released=0 sec=1450 toast=false -> repaint=true
[ 92.055] draw dirty=270.0x437.0@0.0,-32.0 bounds=270.0x405.0@0.0,0.0 grid=31x29 scale=2.0 screen=BenQ MA270U
[ 92.154] step moves=0 diag=0 level=false shimmer=false released=0 sec=1450 toast=false -> repaint=false
[ 92.255] step moves=0 diag=0 level=false shimmer=false released=0 sec=1450 toast=false -> repaint=false
[ 92.354] step moves=0 diag=0 level=false shimmer=false released=0 sec=1450 toast=false -> repaint=false
[ 92.455] step moves=0 diag=0 level=false shimmer=false released=0 sec=1450 toast=false -> repaint=false
[ 92.554] step moves=0 diag=0 level=false shimmer=false released=0 sec=1450 toast=false -> repaint=false
[ 92.655] step moves=0 diag=0 level=false shimmer=false released=0 sec=1450 toast=false -> repaint=false
[ 92.755] step moves=0 diag=0 level=false shimmer=false released=0 sec=1450 toast=false -> repaint=false
[ 92.855] step moves=0 diag=0 level=false shimmer=false released=0 sec=1449 toast=false -> repaint=true
[ 92.855] draw dirty=270.0x437.0@0.0,-32.0 bounds=270.0x405.0@0.0,0.0 grid=31x29 scale=2.0 screen=BenQ MA270U
[ 92.955] step moves=0 diag=0 level=false shimmer=false released=0 sec=1449 toast=false -> repaint=false
[ 93.055] step moves=0 diag=0 level=false shimmer=true released=0 sec=1449 toast=false -> repaint=true
[ 93.056] draw dirty=270.0x437.0@0.0,-32.0 bounds=270.0x405.0@0.0,0.0 grid=31x29 scale=2.0 screen=BenQ MA270U
[ 93.154] step moves=0 diag=0 level=false shimmer=false released=0 sec=1449 toast=false -> repaint=false
[ 93.255] step moves=0 diag=0 level=false shimmer=false released=0 sec=1449 toast=false -> repaint=false
[ 93.355] step moves=0 diag=0 level=false shimmer=false released=0 sec=1449 toast=false -> repaint=false
[ 93.455] step moves=0 diag=0 level=false shimmer=false released=0 sec=1449 toast=false -> repaint=false
[ 93.555] step moves=0 diag=0 level=false shimmer=false released=0 sec=1449 toast=false -> repaint=false
[ 93.655] step moves=0 diag=0 level=false shimmer=false released=0 sec=1449 toast=false -> repaint=false
[ 93.755] step moves=0 diag=0 level=false shimmer=false released=0 sec=1449 toast=false -> repaint=false
[ 93.855] step moves=0 diag=0 level=false shimmer=false released=0 sec=1448 toast=false -> repaint=true
[ 93.856] draw dirty=270.0x437.0@0.0,-32.0 bounds=270.0x405.0@0.0,0.0 grid=31x29 scale=2.0 screen=BenQ MA270U
[ 93.955] step moves=0 diag=0 level=false shimmer=false released=0 sec=1448 toast=false -> repaint=false
[ 94.054] step moves=0 diag=0 level=false shimmer=false released=0 sec=1448 toast=false -> repaint=false
[ 94.154] step moves=0 diag=0 level=false shimmer=false released=0 sec=1448 toast=false -> repaint=false
[ 94.255] step moves=0 diag=0 level=false shimmer=false released=0 sec=1448 toast=false -> repaint=false
[ 94.355] step moves=0 diag=0 level=false shimmer=false released=0 sec=1448 toast=false -> repaint=false
[ 94.455] step moves=0 diag=0 level=false shimmer=false released=0 sec=1448 toast=false -> repaint=false
[ 94.555] step moves=0 diag=0 level=false shimmer=false released=0 sec=1448 toast=false -> repaint=false
[ 94.655] step moves=0 diag=0 level=false shimmer=false released=0 sec=1448 toast=false -> repaint=false
[ 94.755] step moves=0 diag=0 level=false shimmer=false released=0 sec=1448 toast=false -> repaint=false
[ 94.855] step moves=0 diag=0 level=false shimmer=false released=0 sec=1447 toast=false -> repaint=true
[ 94.855] draw dirty=270.0x437.0@0.0,-32.0 bounds=270.0x405.0@0.0,0.0 grid=31x29 scale=2.0 screen=BenQ MA270U
[ 94.955] step moves=0 diag=0 level=false shimmer=false released=0 sec=1447 toast=false -> repaint=false
[ 95.054] step moves=0 diag=0 level=false shimmer=true released=0 sec=1447 toast=false -> repaint=true
[ 95.055] draw dirty=270.0x437.0@0.0,-32.0 bounds=270.0x405.0@0.0,0.0 grid=31x29 scale=2.0 screen=BenQ MA270U
[ 95.154] step moves=0 diag=0 level=false shimmer=false released=0 sec=1447 toast=false -> repaint=false
[ 95.255] step moves=0 diag=0 level=false shimmer=false released=0 sec=1447 toast=false -> repaint=false
[ 95.354] step moves=0 diag=0 level=false shimmer=false released=0 sec=1447 toast=false -> repaint=false
[ 95.455] step moves=0 diag=0 level=false shimmer=false released=0 sec=1447 toast=false -> repaint=false
[ 95.555] step moves=0 diag=0 level=false shimmer=false released=0 sec=1447 toast=false -> repaint=false
[ 95.655] step moves=0 diag=0 level=false shimmer=false released=0 sec=1447 toast=false -> repaint=false
[ 95.755] step moves=0 diag=0 level=false shimmer=false released=0 sec=1447 toast=false -> repaint=false
[ 95.855] step moves=0 diag=0 level=false shimmer=false released=0 sec=1446 toast=false -> repaint=true
[ 95.855] draw dirty=270.0x437.0@0.0,-32.0 bounds=270.0x405.0@0.0,0.0 grid=31x29 scale=2.0 screen=BenQ MA270U
[ 95.955] step moves=0 diag=0 level=false shimmer=false released=0 sec=1446 toast=false -> repaint=false
[ 96.055] step moves=0 diag=0 level=false shimmer=true released=0 sec=1446 toast=false -> repaint=true
[ 96.056] draw dirty=270.0x437.0@0.0,-32.0 bounds=270.0x405.0@0.0,0.0 grid=31x29 scale=2.0 screen=BenQ MA270U
[ 96.154] step moves=0 diag=0 level=false shimmer=false released=0 sec=1446 toast=false -> repaint=false
[ 96.255] step moves=0 diag=0 level=false shimmer=false released=0 sec=1446 toast=false -> repaint=false
[ 96.355] step moves=0 diag=0 level=false shimmer=false released=0 sec=1446 toast=false -> repaint=false
[ 96.455] step moves=0 diag=0 level=false shimmer=false released=0 sec=1446 toast=false -> repaint=false
[ 96.554] step moves=0 diag=0 level=false shimmer=false released=0 sec=1446 toast=false -> repaint=false
[ 96.654] step moves=11 diag=0 level=true shimmer=false released=1 sec=1446 toast=false -> repaint=true
[ 96.655] draw dirty=270.0x437.0@0.0,-32.0 bounds=270.0x405.0@0.0,0.0 grid=31x29 scale=2.0 screen=BenQ MA270U
[ 96.754] step moves=1 diag=0 level=false shimmer=false released=0 sec=1446 toast=false -> repaint=true
[ 96.755] draw dirty=270.0x437.0@0.0,-32.0 bounds=270.0x405.0@0.0,0.0 grid=31x29 scale=2.0 screen=BenQ MA270U
[ 96.855] step moves=1 diag=0 level=false shimmer=false released=0 sec=1445 toast=false -> repaint=true
[ 96.855] draw dirty=270.0x437.0@0.0,-32.0 bounds=270.0x405.0@0.0,0.0 grid=31x29 scale=2.0 screen=BenQ MA270U
[ 96.954] step moves=1 diag=0 level=false shimmer=false released=0 sec=1445 toast=false -> repaint=true
[ 96.955] draw dirty=270.0x437.0@0.0,-32.0 bounds=270.0x405.0@0.0,0.0 grid=31x29 scale=2.0 screen=BenQ MA270U
[ 97.055] step moves=1 diag=0 level=false shimmer=true released=0 sec=1445 toast=false -> repaint=true
[ 97.056] draw dirty=270.0x437.0@0.0,-32.0 bounds=270.0x405.0@0.0,0.0 grid=31x29 scale=2.0 screen=BenQ MA270U
[ 97.154] step moves=1 diag=0 level=false shimmer=false released=0 sec=1445 toast=false -> repaint=true
[ 97.155] draw dirty=270.0x437.0@0.0,-32.0 bounds=270.0x405.0@0.0,0.0 grid=31x29 scale=2.0 screen=BenQ MA270U
[ 97.255] step moves=1 diag=0 level=false shimmer=false released=0 sec=1445 toast=false -> repaint=true
[ 97.255] draw dirty=270.0x437.0@0.0,-32.0 bounds=270.0x405.0@0.0,0.0 grid=31x29 scale=2.0 screen=BenQ MA270U
[ 97.355] step moves=1 diag=0 level=false shimmer=false released=0 sec=1445 toast=false -> repaint=true
[ 97.355] draw dirty=270.0x437.0@0.0,-32.0 bounds=270.0x405.0@0.0,0.0 grid=31x29 scale=2.0 screen=BenQ MA270U
[ 97.455] step moves=1 diag=0 level=false shimmer=false released=0 sec=1445 toast=false -> repaint=true
[ 97.456] draw dirty=270.0x437.0@0.0,-32.0 bounds=270.0x405.0@0.0,0.0 grid=31x29 scale=2.0 screen=BenQ MA270U
[ 97.555] step moves=1 diag=1 level=false shimmer=false released=0 sec=1445 toast=false -> repaint=true
[ 97.555] draw dirty=270.0x437.0@0.0,-32.0 bounds=270.0x405.0@0.0,0.0 grid=31x29 scale=2.0 screen=BenQ MA270U
[ 97.655] step moves=1 diag=1 level=false shimmer=false released=0 sec=1445 toast=false -> repaint=true
[ 97.655] draw dirty=270.0x437.0@0.0,-32.0 bounds=270.0x405.0@0.0,0.0 grid=31x29 scale=2.0 screen=BenQ MA270U
[ 97.755] step moves=1 diag=1 level=false shimmer=false released=0 sec=1445 toast=false -> repaint=true
[ 97.755] draw dirty=270.0x437.0@0.0,-32.0 bounds=270.0x405.0@0.0,0.0 grid=31x29 scale=2.0 screen=BenQ MA270U
[ 97.855] step moves=0 diag=0 level=false shimmer=false released=0 sec=1444 toast=false -> repaint=true
[ 97.855] draw dirty=270.0x437.0@0.0,-32.0 bounds=270.0x405.0@0.0,0.0 grid=31x29 scale=2.0 screen=BenQ MA270U
[ 97.954] step moves=0 diag=0 level=false shimmer=false released=0 sec=1444 toast=false -> repaint=false
[ 98.055] step moves=0 diag=0 level=false shimmer=true released=0 sec=1444 toast=false -> repaint=true
[ 98.055] draw dirty=270.0x437.0@0.0,-32.0 bounds=270.0x405.0@0.0,0.0 grid=31x29 scale=2.0 screen=BenQ MA270U
[ 98.154] step moves=0 diag=0 level=false shimmer=false released=0 sec=1444 toast=false -> repaint=false
[ 98.255] step moves=0 diag=0 level=false shimmer=false released=0 sec=1444 toast=false -> repaint=false
[ 98.355] step moves=0 diag=0 level=false shimmer=false released=0 sec=1444 toast=false -> repaint=false
[ 98.455] step moves=0 diag=0 level=false shimmer=false released=0 sec=1444 toast=false -> repaint=false
[ 98.555] step moves=0 diag=0 level=false shimmer=false released=0 sec=1444 toast=false -> repaint=false
[ 98.655] step moves=0 diag=0 level=false shimmer=false released=0 sec=1444 toast=false -> repaint=false
[ 98.755] step moves=0 diag=0 level=false shimmer=false released=0 sec=1444 toast=false -> repaint=false
[ 98.854] step moves=0 diag=0 level=false shimmer=false released=0 sec=1443 toast=false -> repaint=true
[ 98.854] draw dirty=270.0x437.0@0.0,-32.0 bounds=270.0x405.0@0.0,0.0 grid=31x29 scale=2.0 screen=BenQ MA270U
[ 98.955] step moves=0 diag=0 level=false shimmer=false released=0 sec=1443 toast=false -> repaint=false
[ 99.055] step moves=0 diag=0 level=false shimmer=true released=0 sec=1443 toast=false -> repaint=true
[ 99.055] draw dirty=270.0x437.0@0.0,-32.0 bounds=270.0x405.0@0.0,0.0 grid=31x29 scale=2.0 screen=BenQ MA270U
[ 99.154] step moves=0 diag=0 level=false shimmer=false released=0 sec=1443 toast=false -> repaint=false
[ 99.255] step moves=0 diag=0 level=false shimmer=false released=0 sec=1443 toast=false -> repaint=false
[ 99.355] step moves=0 diag=0 level=false shimmer=false released=0 sec=1443 toast=false -> repaint=false
[ 99.455] step moves=0 diag=0 level=false shimmer=false released=0 sec=1443 toast=false -> repaint=false
[ 99.555] step moves=0 diag=0 level=false shimmer=false released=0 sec=1443 toast=false -> repaint=false
[ 99.655] step moves=0 diag=0 level=false shimmer=false released=0 sec=1443 toast=false -> repaint=false
[ 99.755] step moves=0 diag=0 level=false shimmer=false released=0 sec=1443 toast=false -> repaint=false
[ 99.855] step moves=0 diag=0 level=false shimmer=false released=0 sec=1442 toast=false -> repaint=true
[ 99.855] draw dirty=270.0x437.0@0.0,-32.0 bounds=270.0x405.0@0.0,0.0 grid=31x29 scale=2.0 screen=BenQ MA270U
[ 99.955] step moves=0 diag=0 level=false shimmer=false released=0 sec=1442 toast=false -> repaint=false
[100.054] step moves=0 diag=0 level=false shimmer=true released=0 sec=1442 toast=false -> repaint=true
[100.054] draw dirty=270.0x437.0@0.0,-32.0 bounds=270.0x405.0@0.0,0.0 grid=31x29 scale=2.0 screen=BenQ MA270U
[100.154] step moves=0 diag=0 level=false shimmer=false released=0 sec=1442 toast=false -> repaint=false
[100.255] step moves=0 diag=0 level=false shimmer=false released=0 sec=1442 toast=false -> repaint=false
[100.354] step moves=0 diag=0 level=false shimmer=false released=0 sec=1442 toast=false -> repaint=false
[100.455] step moves=0 diag=0 level=false shimmer=false released=0 sec=1442 toast=false -> repaint=false
[100.554] step moves=0 diag=0 level=false shimmer=false released=0 sec=1442 toast=false -> repaint=false
[100.654] step moves=0 diag=0 level=false shimmer=false released=0 sec=1442 toast=false -> repaint=false
[100.755] step moves=0 diag=0 level=false shimmer=false released=0 sec=1442 toast=false -> repaint=false
[100.854] step moves=0 diag=0 level=false shimmer=false released=0 sec=1441 toast=false -> repaint=true
[100.854] draw dirty=270.0x437.0@0.0,-32.0 bounds=270.0x405.0@0.0,0.0 grid=31x29 scale=2.0 screen=BenQ MA270U
[100.955] step moves=0 diag=0 level=false shimmer=false released=0 sec=1441 toast=false -> repaint=false
[101.055] step moves=0 diag=0 level=false shimmer=true released=0 sec=1441 toast=false -> repaint=true
[101.056] draw dirty=270.0x437.0@0.0,-32.0 bounds=270.0x405.0@0.0,0.0 grid=31x29 scale=2.0 screen=BenQ MA270U
[101.154] step moves=0 diag=0 level=false shimmer=false released=0 sec=1441 toast=false -> repaint=false
[101.255] step moves=0 diag=0 level=false shimmer=false released=0 sec=1441 toast=false -> repaint=false
[101.355] step moves=0 diag=0 level=false shimmer=false released=0 sec=1441 toast=false -> repaint=false
[101.455] step moves=0 diag=0 level=false shimmer=false released=0 sec=1441 toast=false -> repaint=false
[101.555] step moves=0 diag=0 level=false shimmer=false released=0 sec=1441 toast=false -> repaint=false
[101.654] step moves=0 diag=0 level=false shimmer=false released=0 sec=1441 toast=false -> repaint=false
[101.755] step moves=0 diag=0 level=false shimmer=false released=0 sec=1441 toast=false -> repaint=false
[101.854] step moves=0 diag=0 level=false shimmer=false released=0 sec=1440 toast=false -> repaint=true
[101.855] draw dirty=270.0x437.0@0.0,-32.0 bounds=270.0x405.0@0.0,0.0 grid=31x29 scale=2.0 screen=BenQ MA270U
[101.955] step moves=0 diag=0 level=false shimmer=false released=0 sec=1440 toast=false -> repaint=false
[102.055] step moves=0 diag=0 level=false shimmer=true released=0 sec=1440 toast=false -> repaint=true
[102.056] draw dirty=270.0x437.0@0.0,-32.0 bounds=270.0x405.0@0.0,0.0 grid=31x29 scale=2.0 screen=BenQ MA270U
[102.154] step moves=0 diag=0 level=false shimmer=false released=0 sec=1440 toast=false -> repaint=false
[102.255] step moves=0 diag=0 level=false shimmer=false released=0 sec=1440 toast=false -> repaint=false
[102.355] step moves=0 diag=0 level=false shimmer=false released=0 sec=1440 toast=false -> repaint=false
[102.455] step moves=0 diag=0 level=false shimmer=false released=0 sec=1440 toast=false -> repaint=false
[102.555] step moves=0 diag=0 level=false shimmer=false released=0 sec=1440 toast=false -> repaint=false
[102.655] step moves=0 diag=0 level=false shimmer=false released=0 sec=1440 toast=false -> repaint=false
[102.755] step moves=0 diag=0 level=false shimmer=false released=0 sec=1440 toast=false -> repaint=false
[102.855] step moves=0 diag=0 level=false shimmer=false released=0 sec=1439 toast=false -> repaint=true
[102.855] draw dirty=270.0x437.0@0.0,-32.0 bounds=270.0x405.0@0.0,0.0 grid=31x29 scale=2.0 screen=BenQ MA270U
[102.954] step moves=0 diag=0 level=false shimmer=false released=0 sec=1439 toast=false -> repaint=false
[103.055] step moves=0 diag=0 level=false shimmer=true released=0 sec=1439 toast=false -> repaint=true
[103.055] draw dirty=270.0x437.0@0.0,-32.0 bounds=270.0x405.0@0.0,0.0 grid=31x29 scale=2.0 screen=BenQ MA270U
[103.154] step moves=0 diag=0 level=false shimmer=false released=0 sec=1439 toast=false -> repaint=false
[103.255] step moves=0 diag=0 level=false shimmer=false released=0 sec=1439 toast=false -> repaint=false
[103.355] step moves=0 diag=0 level=false shimmer=false released=0 sec=1439 toast=false -> repaint=false
[103.454] step moves=0 diag=0 level=false shimmer=false released=0 sec=1439 toast=false -> repaint=false
[103.555] step moves=0 diag=0 level=false shimmer=false released=0 sec=1439 toast=false -> repaint=false
[103.655] step moves=0 diag=0 level=false shimmer=false released=0 sec=1439 toast=false -> repaint=false
[103.755] step moves=0 diag=0 level=false shimmer=false released=0 sec=1439 toast=false -> repaint=false
[103.854] step moves=0 diag=0 level=false shimmer=false released=0 sec=1438 toast=false -> repaint=true
[103.855] draw dirty=270.0x437.0@0.0,-32.0 bounds=270.0x405.0@0.0,0.0 grid=31x29 scale=2.0 screen=BenQ MA270U
[103.955] step moves=0 diag=0 level=false shimmer=false released=0 sec=1438 toast=false -> repaint=false
[104.055] step moves=0 diag=0 level=false shimmer=true released=0 sec=1438 toast=false -> repaint=true
[104.055] draw dirty=270.0x437.0@0.0,-32.0 bounds=270.0x405.0@0.0,0.0 grid=31x29 scale=2.0 screen=BenQ MA270U
[104.154] step moves=0 diag=0 level=false shimmer=false released=0 sec=1438 toast=false -> repaint=false
[104.255] step moves=0 diag=0 level=false shimmer=false released=0 sec=1438 toast=false -> repaint=false
[104.354] step moves=11 diag=0 level=true shimmer=false released=1 sec=1438 toast=false -> repaint=true
[104.354] draw dirty=270.0x437.0@0.0,-32.0 bounds=270.0x405.0@0.0,0.0 grid=31x29 scale=2.0 screen=BenQ MA270U
[104.455] step moves=1 diag=0 level=false shimmer=false released=0 sec=1438 toast=false -> repaint=true
[104.455] draw dirty=270.0x437.0@0.0,-32.0 bounds=270.0x405.0@0.0,0.0 grid=31x29 scale=2.0 screen=BenQ MA270U
[104.555] step moves=1 diag=0 level=false shimmer=false released=0 sec=1438 toast=false -> repaint=true
[104.555] draw dirty=270.0x437.0@0.0,-32.0 bounds=270.0x405.0@0.0,0.0 grid=31x29 scale=2.0 screen=BenQ MA270U
[104.655] step moves=1 diag=0 level=false shimmer=false released=0 sec=1438 toast=false -> repaint=true
[104.656] draw dirty=270.0x437.0@0.0,-32.0 bounds=270.0x405.0@0.0,0.0 grid=31x29 scale=2.0 screen=BenQ MA270U
[104.754] step moves=1 diag=0 level=false shimmer=false released=0 sec=1438 toast=false -> repaint=true
[104.755] draw dirty=270.0x437.0@0.0,-32.0 bounds=270.0x405.0@0.0,0.0 grid=31x29 scale=2.0 screen=BenQ MA270U
[104.855] step moves=1 diag=0 level=false shimmer=false released=0 sec=1437 toast=false -> repaint=true
[104.855] draw dirty=270.0x437.0@0.0,-32.0 bounds=270.0x405.0@0.0,0.0 grid=31x29 scale=2.0 screen=BenQ MA270U
[104.955] step moves=1 diag=0 level=false shimmer=false released=0 sec=1437 toast=false -> repaint=true
[104.955] draw dirty=270.0x437.0@0.0,-32.0 bounds=270.0x405.0@0.0,0.0 grid=31x29 scale=2.0 screen=BenQ MA270U
[105.055] step moves=1 diag=0 level=false shimmer=true released=0 sec=1437 toast=false -> repaint=true
[105.055] draw dirty=270.0x437.0@0.0,-32.0 bounds=270.0x405.0@0.0,0.0 grid=31x29 scale=2.0 screen=BenQ MA270U
[105.154] step moves=1 diag=0 level=false shimmer=false released=0 sec=1437 toast=false -> repaint=true
[105.154] draw dirty=270.0x437.0@0.0,-32.0 bounds=270.0x405.0@0.0,0.0 grid=31x29 scale=2.0 screen=BenQ MA270U
[105.255] step moves=1 diag=1 level=false shimmer=false released=0 sec=1437 toast=false -> repaint=true
[105.255] draw dirty=270.0x437.0@0.0,-32.0 bounds=270.0x405.0@0.0,0.0 grid=31x29 scale=2.0 screen=BenQ MA270U
[105.355] step moves=1 diag=1 level=false shimmer=false released=0 sec=1437 toast=false -> repaint=true
[105.355] draw dirty=270.0x437.0@0.0,-32.0 bounds=270.0x405.0@0.0,0.0 grid=31x29 scale=2.0 screen=BenQ MA270U
[105.455] step moves=0 diag=0 level=false shimmer=false released=0 sec=1437 toast=false -> repaint=false
[105.555] step moves=0 diag=0 level=false shimmer=false released=0 sec=1437 toast=false -> repaint=false
[105.655] step moves=0 diag=0 level=false shimmer=false released=0 sec=1437 toast=false -> repaint=false
[105.754] step moves=0 diag=0 level=false shimmer=false released=0 sec=1437 toast=false -> repaint=false
[105.854] step moves=0 diag=0 level=false shimmer=false released=0 sec=1436 toast=false -> repaint=true
[105.855] draw dirty=270.0x437.0@0.0,-32.0 bounds=270.0x405.0@0.0,0.0 grid=31x29 scale=2.0 screen=BenQ MA270U
[105.955] step moves=0 diag=0 level=false shimmer=false released=0 sec=1436 toast=false -> repaint=false
[106.055] step moves=0 diag=0 level=false shimmer=true released=0 sec=1436 toast=false -> repaint=true
[106.056] draw dirty=270.0x437.0@0.0,-32.0 bounds=270.0x405.0@0.0,0.0 grid=31x29 scale=2.0 screen=BenQ MA270U
[106.159] step moves=0 diag=0 level=false shimmer=false released=0 sec=1436 toast=false -> repaint=false
[106.255] step moves=0 diag=0 level=false shimmer=false released=0 sec=1436 toast=false -> repaint=false
[106.355] step moves=0 diag=0 level=false shimmer=false released=0 sec=1436 toast=false -> repaint=false
[106.455] step moves=0 diag=0 level=false shimmer=false released=0 sec=1436 toast=false -> repaint=false
[106.555] step moves=0 diag=0 level=false shimmer=false released=0 sec=1436 toast=false -> repaint=false
[106.655] step moves=0 diag=0 level=false shimmer=false released=0 sec=1436 toast=false -> repaint=false
[106.755] step moves=0 diag=0 level=false shimmer=false released=0 sec=1436 toast=false -> repaint=false
[106.854] step moves=0 diag=0 level=false shimmer=false released=0 sec=1435 toast=false -> repaint=true
[106.854] draw dirty=270.0x437.0@0.0,-32.0 bounds=270.0x405.0@0.0,0.0 grid=31x29 scale=2.0 screen=BenQ MA270U
[106.954] step moves=0 diag=0 level=false shimmer=false released=0 sec=1435 toast=false -> repaint=false
[107.055] step moves=0 diag=0 level=false shimmer=true released=0 sec=1435 toast=false -> repaint=true
[107.055] draw dirty=270.0x437.0@0.0,-32.0 bounds=270.0x405.0@0.0,0.0 grid=31x29 scale=2.0 screen=BenQ MA270U
[107.154] step moves=0 diag=0 level=false shimmer=false released=0 sec=1435 toast=false -> repaint=false
[107.255] step moves=0 diag=0 level=false shimmer=false released=0 sec=1435 toast=false -> repaint=false
[107.357] step moves=0 diag=0 level=false shimmer=false released=0 sec=1435 toast=false -> repaint=false
[107.454] step moves=0 diag=0 level=false shimmer=false released=0 sec=1435 toast=false -> repaint=false
[107.554] step moves=0 diag=0 level=false shimmer=false released=0 sec=1435 toast=false -> repaint=false
[107.654] step moves=0 diag=0 level=false shimmer=false released=0 sec=1435 toast=false -> repaint=false
[107.754] step moves=0 diag=0 level=false shimmer=false released=0 sec=1435 toast=false -> repaint=false
[107.855] step moves=0 diag=0 level=false shimmer=false released=0 sec=1434 toast=false -> repaint=true
[107.855] draw dirty=270.0x437.0@0.0,-32.0 bounds=270.0x405.0@0.0,0.0 grid=31x29 scale=2.0 screen=BenQ MA270U
[107.954] step moves=0 diag=0 level=false shimmer=false released=0 sec=1434 toast=false -> repaint=false
[108.055] step moves=0 diag=0 level=false shimmer=false released=0 sec=1434 toast=false -> repaint=false
[108.154] step moves=0 diag=0 level=false shimmer=false released=0 sec=1434 toast=false -> repaint=false
[108.254] step moves=0 diag=0 level=false shimmer=false released=0 sec=1434 toast=false -> repaint=false
[108.355] step moves=0 diag=0 level=false shimmer=false released=0 sec=1434 toast=false -> repaint=false
[108.455] step moves=0 diag=0 level=false shimmer=false released=0 sec=1434 toast=false -> repaint=false
[108.554] step moves=0 diag=0 level=false shimmer=false released=0 sec=1434 toast=false -> repaint=false
[108.654] step moves=0 diag=0 level=false shimmer=false released=0 sec=1434 toast=false -> repaint=false
[108.755] step moves=0 diag=0 level=false shimmer=false released=0 sec=1434 toast=false -> repaint=false
[108.855] step moves=0 diag=0 level=false shimmer=false released=0 sec=1433 toast=false -> repaint=true
[108.855] draw dirty=270.0x437.0@0.0,-32.0 bounds=270.0x405.0@0.0,0.0 grid=31x29 scale=2.0 screen=BenQ MA270U
[108.954] step moves=0 diag=0 level=false shimmer=false released=0 sec=1433 toast=false -> repaint=false
[109.055] step moves=0 diag=0 level=false shimmer=false released=0 sec=1433 toast=false -> repaint=false
[109.154] step moves=0 diag=0 level=false shimmer=false released=0 sec=1433 toast=false -> repaint=false
[109.254] step moves=0 diag=0 level=false shimmer=false released=0 sec=1433 toast=false -> repaint=false
[109.355] step moves=0 diag=0 level=false shimmer=false released=0 sec=1433 toast=false -> repaint=false
[109.454] step moves=0 diag=0 level=false shimmer=false released=0 sec=1433 toast=false -> repaint=false
[109.555] step moves=0 diag=0 level=false shimmer=false released=0 sec=1433 toast=false -> repaint=false
[109.655] step moves=0 diag=0 level=false shimmer=false released=0 sec=1433 toast=false -> repaint=false
[109.754] step moves=0 diag=0 level=false shimmer=false released=0 sec=1433 toast=false -> repaint=false
[109.855] step moves=0 diag=0 level=false shimmer=false released=0 sec=1432 toast=false -> repaint=true
[109.855] draw dirty=270.0x437.0@0.0,-32.0 bounds=270.0x405.0@0.0,0.0 grid=31x29 scale=2.0 screen=BenQ MA270U
[109.954] step moves=0 diag=0 level=false shimmer=false released=0 sec=1432 toast=false -> repaint=false
[110.055] step moves=0 diag=0 level=false shimmer=true released=0 sec=1432 toast=false -> repaint=true
[110.055] draw dirty=270.0x437.0@0.0,-32.0 bounds=270.0x405.0@0.0,0.0 grid=31x29 scale=2.0 screen=BenQ MA270U
[110.154] step moves=0 diag=0 level=false shimmer=false released=0 sec=1432 toast=false -> repaint=false
[110.255] step moves=0 diag=0 level=false shimmer=false released=0 sec=1432 toast=false -> repaint=false
[110.355] step moves=0 diag=0 level=false shimmer=false released=0 sec=1432 toast=false -> repaint=false
[110.455] step moves=0 diag=0 level=false shimmer=false released=0 sec=1432 toast=false -> repaint=false
[110.554] step moves=0 diag=0 level=false shimmer=false released=0 sec=1432 toast=false -> repaint=false
[110.655] step moves=0 diag=0 level=false shimmer=false released=0 sec=1432 toast=false -> repaint=false
[110.754] step moves=0 diag=0 level=false shimmer=false released=0 sec=1432 toast=false -> repaint=false
[110.855] step moves=0 diag=0 level=false shimmer=false released=0 sec=1431 toast=false -> repaint=true
[110.855] draw dirty=270.0x437.0@0.0,-32.0 bounds=270.0x405.0@0.0,0.0 grid=31x29 scale=2.0 screen=BenQ MA270U
[110.955] step moves=0 diag=0 level=false shimmer=false released=0 sec=1431 toast=false -> repaint=false
[111.055] step moves=0 diag=0 level=false shimmer=true released=0 sec=1431 toast=false -> repaint=true
[111.055] draw dirty=270.0x437.0@0.0,-32.0 bounds=270.0x405.0@0.0,0.0 grid=31x29 scale=2.0 screen=BenQ MA270U
[111.154] step moves=0 diag=0 level=false shimmer=false released=0 sec=1431 toast=false -> repaint=false
[111.255] step moves=0 diag=0 level=false shimmer=false released=0 sec=1431 toast=false -> repaint=false
[111.355] step moves=0 diag=0 level=false shimmer=false released=0 sec=1431 toast=false -> repaint=false
[111.454] step moves=0 diag=0 level=false shimmer=false released=0 sec=1431 toast=false -> repaint=false
[111.555] step moves=0 diag=0 level=false shimmer=false released=0 sec=1431 toast=false -> repaint=false
[111.655] step moves=0 diag=0 level=false shimmer=false released=0 sec=1431 toast=false -> repaint=false
[111.755] step moves=0 diag=0 level=false shimmer=false released=0 sec=1431 toast=false -> repaint=false
[111.854] step moves=0 diag=0 level=false shimmer=false released=0 sec=1430 toast=false -> repaint=true
[111.854] draw dirty=270.0x437.0@0.0,-32.0 bounds=270.0x405.0@0.0,0.0 grid=31x29 scale=2.0 screen=BenQ MA270U
[111.955] step moves=0 diag=0 level=false shimmer=false released=0 sec=1430 toast=false -> repaint=false
[112.055] step moves=11 diag=0 level=true shimmer=true released=1 sec=1430 toast=false -> repaint=true
[112.055] draw dirty=270.0x437.0@0.0,-32.0 bounds=270.0x405.0@0.0,0.0 grid=31x29 scale=2.0 screen=BenQ MA270U
[112.154] step moves=1 diag=0 level=false shimmer=false released=0 sec=1430 toast=false -> repaint=true
[112.154] draw dirty=270.0x437.0@0.0,-32.0 bounds=270.0x405.0@0.0,0.0 grid=31x29 scale=2.0 screen=BenQ MA270U
[112.254] step moves=1 diag=0 level=false shimmer=false released=0 sec=1430 toast=false -> repaint=true
[112.255] draw dirty=270.0x437.0@0.0,-32.0 bounds=270.0x405.0@0.0,0.0 grid=31x29 scale=2.0 screen=BenQ MA270U
[112.355] step moves=1 diag=0 level=false shimmer=false released=0 sec=1430 toast=false -> repaint=true
[112.355] draw dirty=270.0x437.0@0.0,-32.0 bounds=270.0x405.0@0.0,0.0 grid=31x29 scale=2.0 screen=BenQ MA270U
[112.454] step moves=1 diag=0 level=false shimmer=false released=0 sec=1430 toast=false -> repaint=true
[112.455] draw dirty=270.0x437.0@0.0,-32.0 bounds=270.0x405.0@0.0,0.0 grid=31x29 scale=2.0 screen=BenQ MA270U
[112.554] step moves=1 diag=0 level=false shimmer=false released=0 sec=1430 toast=false -> repaint=true
[112.555] draw dirty=270.0x437.0@0.0,-32.0 bounds=270.0x405.0@0.0,0.0 grid=31x29 scale=2.0 screen=BenQ MA270U
[112.655] step moves=1 diag=0 level=false shimmer=false released=0 sec=1430 toast=false -> repaint=true
[112.655] draw dirty=270.0x437.0@0.0,-32.0 bounds=270.0x405.0@0.0,0.0 grid=31x29 scale=2.0 screen=BenQ MA270U
[112.755] step moves=1 diag=0 level=false shimmer=false released=0 sec=1430 toast=false -> repaint=true
[112.756] draw dirty=270.0x437.0@0.0,-32.0 bounds=270.0x405.0@0.0,0.0 grid=31x29 scale=2.0 screen=BenQ MA270U
[112.855] step moves=1 diag=0 level=false shimmer=false released=0 sec=1429 toast=false -> repaint=true
[112.855] draw dirty=270.0x437.0@0.0,-32.0 bounds=270.0x405.0@0.0,0.0 grid=31x29 scale=2.0 screen=BenQ MA270U
[112.955] step moves=1 diag=1 level=false shimmer=false released=0 sec=1429 toast=false -> repaint=true
[112.955] draw dirty=270.0x437.0@0.0,-32.0 bounds=270.0x405.0@0.0,0.0 grid=31x29 scale=2.0 screen=BenQ MA270U
[113.055] step moves=0 diag=0 level=false shimmer=false released=0 sec=1429 toast=false -> repaint=false
[113.154] step moves=0 diag=0 level=false shimmer=false released=0 sec=1429 toast=false -> repaint=false
[113.255] step moves=0 diag=0 level=false shimmer=false released=0 sec=1429 toast=false -> repaint=false
[113.354] step moves=0 diag=0 level=false shimmer=false released=0 sec=1429 toast=false -> repaint=false
[113.455] step moves=0 diag=0 level=false shimmer=false released=0 sec=1429 toast=false -> repaint=false
[113.555] step moves=0 diag=0 level=false shimmer=false released=0 sec=1429 toast=false -> repaint=false
[113.655] step moves=0 diag=0 level=false shimmer=false released=0 sec=1429 toast=false -> repaint=false
[113.754] step moves=0 diag=0 level=false shimmer=false released=0 sec=1429 toast=false -> repaint=false
[113.854] step moves=0 diag=0 level=false shimmer=false released=0 sec=1428 toast=false -> repaint=true
[113.854] draw dirty=270.0x437.0@0.0,-32.0 bounds=270.0x405.0@0.0,0.0 grid=31x29 scale=2.0 screen=BenQ MA270U
[113.955] step moves=0 diag=0 level=false shimmer=false released=0 sec=1428 toast=false -> repaint=false
[114.055] step moves=0 diag=0 level=false shimmer=true released=0 sec=1428 toast=false -> repaint=true
[114.055] draw dirty=270.0x437.0@0.0,-32.0 bounds=270.0x405.0@0.0,0.0 grid=31x29 scale=2.0 screen=BenQ MA270U
[114.154] step moves=0 diag=0 level=false shimmer=false released=0 sec=1428 toast=false -> repaint=false
[114.255] step moves=0 diag=0 level=false shimmer=false released=0 sec=1428 toast=false -> repaint=false
[114.355] step moves=0 diag=0 level=false shimmer=false released=0 sec=1428 toast=false -> repaint=false
[114.455] step moves=0 diag=0 level=false shimmer=false released=0 sec=1428 toast=false -> repaint=false
[114.555] step moves=0 diag=0 level=false shimmer=false released=0 sec=1428 toast=false -> repaint=false
[114.655] step moves=0 diag=0 level=false shimmer=false released=0 sec=1428 toast=false -> repaint=false
[114.755] step moves=0 diag=0 level=false shimmer=false released=0 sec=1428 toast=false -> repaint=false
[114.855] step moves=0 diag=0 level=false shimmer=false released=0 sec=1427 toast=false -> repaint=true
[114.855] draw dirty=270.0x437.0@0.0,-32.0 bounds=270.0x405.0@0.0,0.0 grid=31x29 scale=2.0 screen=BenQ MA270U
[114.955] step moves=0 diag=0 level=false shimmer=false released=0 sec=1427 toast=false -> repaint=false
[115.055] step moves=0 diag=0 level=false shimmer=true released=0 sec=1427 toast=false -> repaint=true
[115.055] draw dirty=270.0x437.0@0.0,-32.0 bounds=270.0x405.0@0.0,0.0 grid=31x29 scale=2.0 screen=BenQ MA270U
[115.154] step moves=0 diag=0 level=false shimmer=false released=0 sec=1427 toast=false -> repaint=false
[115.254] step moves=0 diag=0 level=false shimmer=false released=0 sec=1427 toast=false -> repaint=false
[115.355] step moves=0 diag=0 level=false shimmer=false released=0 sec=1427 toast=false -> repaint=false
[115.455] step moves=0 diag=0 level=false shimmer=false released=0 sec=1427 toast=false -> repaint=false
[115.555] step moves=0 diag=0 level=false shimmer=false released=0 sec=1427 toast=false -> repaint=false
[115.655] step moves=0 diag=0 level=false shimmer=false released=0 sec=1427 toast=false -> repaint=false
[115.754] step moves=0 diag=0 level=false shimmer=false released=0 sec=1427 toast=false -> repaint=false
[115.855] step moves=0 diag=0 level=false shimmer=false released=0 sec=1426 toast=false -> repaint=true
[115.855] draw dirty=270.0x437.0@0.0,-32.0 bounds=270.0x405.0@0.0,0.0 grid=31x29 scale=2.0 screen=BenQ MA270U
[115.954] step moves=0 diag=0 level=false shimmer=false released=0 sec=1426 toast=false -> repaint=false
[116.055] step moves=0 diag=0 level=false shimmer=true released=0 sec=1426 toast=false -> repaint=true
[116.055] draw dirty=270.0x437.0@0.0,-32.0 bounds=270.0x405.0@0.0,0.0 grid=31x29 scale=2.0 screen=BenQ MA270U
[116.154] step moves=0 diag=0 level=false shimmer=false released=0 sec=1426 toast=false -> repaint=false
[116.255] step moves=0 diag=0 level=false shimmer=false released=0 sec=1426 toast=false -> repaint=false
[116.355] step moves=0 diag=0 level=false shimmer=false released=0 sec=1426 toast=false -> repaint=false
[116.454] step moves=0 diag=0 level=false shimmer=false released=0 sec=1426 toast=false -> repaint=false
[116.555] step moves=0 diag=0 level=false shimmer=false released=0 sec=1426 toast=false -> repaint=false
[116.656] step moves=0 diag=0 level=false shimmer=false released=0 sec=1426 toast=false -> repaint=false
[116.755] step moves=0 diag=0 level=false shimmer=false released=0 sec=1426 toast=false -> repaint=false
[116.855] step moves=0 diag=0 level=false shimmer=false released=0 sec=1425 toast=false -> repaint=true
[116.855] draw dirty=270.0x437.0@0.0,-32.0 bounds=270.0x405.0@0.0,0.0 grid=31x29 scale=2.0 screen=BenQ MA270U
[116.955] step moves=0 diag=0 level=false shimmer=false released=0 sec=1425 toast=false -> repaint=false
[117.055] step moves=0 diag=0 level=false shimmer=true released=0 sec=1425 toast=false -> repaint=true
[117.055] draw dirty=270.0x437.0@0.0,-32.0 bounds=270.0x405.0@0.0,0.0 grid=31x29 scale=2.0 screen=BenQ MA270U
[117.154] step moves=0 diag=0 level=false shimmer=false released=0 sec=1425 toast=false -> repaint=false
[117.255] step moves=0 diag=0 level=false shimmer=false released=0 sec=1425 toast=false -> repaint=false
[117.355] step moves=0 diag=0 level=false shimmer=false released=0 sec=1425 toast=false -> repaint=false
[117.454] step moves=0 diag=0 level=false shimmer=false released=0 sec=1425 toast=false -> repaint=false
[117.554] step moves=0 diag=0 level=false shimmer=false released=0 sec=1425 toast=false -> repaint=false
[117.655] step moves=0 diag=0 level=false shimmer=false released=0 sec=1425 toast=false -> repaint=false
[117.755] step moves=0 diag=0 level=false shimmer=false released=0 sec=1425 toast=false -> repaint=false
[117.855] step moves=0 diag=0 level=false shimmer=false released=0 sec=1424 toast=false -> repaint=true
[117.855] draw dirty=270.0x437.0@0.0,-32.0 bounds=270.0x405.0@0.0,0.0 grid=31x29 scale=2.0 screen=BenQ MA270U
[117.955] step moves=0 diag=0 level=false shimmer=false released=0 sec=1424 toast=false -> repaint=false
[118.054] step moves=0 diag=0 level=false shimmer=false released=0 sec=1424 toast=false -> repaint=false
[118.154] step moves=0 diag=0 level=false shimmer=false released=0 sec=1424 toast=false -> repaint=false
[118.254] step moves=0 diag=0 level=false shimmer=false released=0 sec=1424 toast=false -> repaint=false
[118.354] step moves=0 diag=0 level=false shimmer=false released=0 sec=1424 toast=false -> repaint=false
[118.455] step moves=0 diag=0 level=false shimmer=false released=0 sec=1424 toast=false -> repaint=false
[118.554] step moves=0 diag=0 level=false shimmer=false released=0 sec=1424 toast=false -> repaint=false
[118.654] step moves=0 diag=0 level=false shimmer=false released=0 sec=1424 toast=false -> repaint=false
[118.754] step moves=0 diag=0 level=false shimmer=false released=0 sec=1424 toast=false -> repaint=false
[118.854] step moves=0 diag=0 level=false shimmer=false released=0 sec=1423 toast=false -> repaint=true
[118.855] draw dirty=270.0x437.0@0.0,-32.0 bounds=270.0x405.0@0.0,0.0 grid=31x29 scale=2.0 screen=BenQ MA270U
[118.955] step moves=0 diag=0 level=false shimmer=false released=0 sec=1423 toast=false -> repaint=false
[119.055] step moves=0 diag=0 level=false shimmer=true released=0 sec=1423 toast=false -> repaint=true
[119.055] draw dirty=270.0x437.0@0.0,-32.0 bounds=270.0x405.0@0.0,0.0 grid=31x29 scale=2.0 screen=BenQ MA270U
[119.154] step moves=0 diag=0 level=false shimmer=false released=0 sec=1423 toast=false -> repaint=false
[119.255] step moves=0 diag=0 level=false shimmer=false released=0 sec=1423 toast=false -> repaint=false
[119.355] step moves=0 diag=0 level=false shimmer=false released=0 sec=1423 toast=false -> repaint=false
[119.454] step moves=0 diag=0 level=false shimmer=false released=0 sec=1423 toast=false -> repaint=false
[119.555] step moves=0 diag=0 level=false shimmer=false released=0 sec=1423 toast=false -> repaint=false
[119.655] step moves=0 diag=0 level=false shimmer=false released=0 sec=1423 toast=false -> repaint=false
[119.755] step moves=11 diag=0 level=true shimmer=false released=1 sec=1423 toast=false -> repaint=true
[119.755] draw dirty=270.0x437.0@0.0,-32.0 bounds=270.0x405.0@0.0,0.0 grid=31x29 scale=2.0 screen=BenQ MA270U
[119.855] step moves=1 diag=0 level=false shimmer=false released=0 sec=1422 toast=false -> repaint=true
[119.855] draw dirty=270.0x437.0@0.0,-32.0 bounds=270.0x405.0@0.0,0.0 grid=31x29 scale=2.0 screen=BenQ MA270U
[119.955] step moves=1 diag=0 level=false shimmer=false released=0 sec=1422 toast=false -> repaint=true
[119.956] draw dirty=270.0x437.0@0.0,-32.0 bounds=270.0x405.0@0.0,0.0 grid=31x29 scale=2.0 screen=BenQ MA270U
[120.055] step moves=1 diag=0 level=false shimmer=true released=0 sec=1422 toast=false -> repaint=true
[120.055] draw dirty=270.0x437.0@0.0,-32.0 bounds=270.0x405.0@0.0,0.0 grid=31x29 scale=2.0 screen=BenQ MA270U
[120.154] step moves=1 diag=0 level=false shimmer=false released=0 sec=1422 toast=false -> repaint=true
[120.154] draw dirty=270.0x437.0@0.0,-32.0 bounds=270.0x405.0@0.0,0.0 grid=31x29 scale=2.0 screen=BenQ MA270U
[120.255] step moves=1 diag=0 level=false shimmer=false released=0 sec=1422 toast=false -> repaint=true
[120.255] draw dirty=270.0x437.0@0.0,-32.0 bounds=270.0x405.0@0.0,0.0 grid=31x29 scale=2.0 screen=BenQ MA270U
[120.355] step moves=1 diag=0 level=false shimmer=false released=0 sec=1422 toast=false -> repaint=true
[120.355] draw dirty=270.0x437.0@0.0,-32.0 bounds=270.0x405.0@0.0,0.0 grid=31x29 scale=2.0 screen=BenQ MA270U
[120.455] step moves=1 diag=0 level=false shimmer=false released=0 sec=1422 toast=false -> repaint=true
[120.455] draw dirty=270.0x437.0@0.0,-32.0 bounds=270.0x405.0@0.0,0.0 grid=31x29 scale=2.0 screen=BenQ MA270U
[120.554] step moves=1 diag=0 level=false shimmer=false released=0 sec=1422 toast=false -> repaint=true
[120.555] draw dirty=270.0x437.0@0.0,-32.0 bounds=270.0x405.0@0.0,0.0 grid=31x29 scale=2.0 screen=BenQ MA270U
[120.655] step moves=0 diag=0 level=false shimmer=false released=0 sec=1422 toast=false -> repaint=false
[120.755] step moves=0 diag=0 level=false shimmer=false released=0 sec=1422 toast=false -> repaint=false
[120.854] step moves=0 diag=0 level=false shimmer=false released=0 sec=1421 toast=false -> repaint=true
[120.855] draw dirty=270.0x437.0@0.0,-32.0 bounds=270.0x405.0@0.0,0.0 grid=31x29 scale=2.0 screen=BenQ MA270U
[120.955] step moves=0 diag=0 level=false shimmer=false released=0 sec=1421 toast=false -> repaint=false
[121.055] step moves=0 diag=0 level=false shimmer=true released=0 sec=1421 toast=false -> repaint=true
[121.055] draw dirty=270.0x437.0@0.0,-32.0 bounds=270.0x405.0@0.0,0.0 grid=31x29 scale=2.0 screen=BenQ MA270U
[121.154] step moves=0 diag=0 level=false shimmer=false released=0 sec=1421 toast=false -> repaint=false
[121.254] step moves=0 diag=0 level=false shimmer=false released=0 sec=1421 toast=false -> repaint=false
[121.354] step moves=0 diag=0 level=false shimmer=false released=0 sec=1421 toast=false -> repaint=false
[121.454] step moves=0 diag=0 level=false shimmer=false released=0 sec=1421 toast=false -> repaint=false
[121.555] step moves=0 diag=0 level=false shimmer=false released=0 sec=1421 toast=false -> repaint=false
[121.655] step moves=0 diag=0 level=false shimmer=false released=0 sec=1421 toast=false -> repaint=false
[121.755] step moves=0 diag=0 level=false shimmer=false released=0 sec=1421 toast=false -> repaint=false
[121.854] step moves=0 diag=0 level=false shimmer=false released=0 sec=1420 toast=false -> repaint=true
[121.854] draw dirty=270.0x437.0@0.0,-32.0 bounds=270.0x405.0@0.0,0.0 grid=31x29 scale=2.0 screen=BenQ MA270U
[121.955] step moves=0 diag=0 level=false shimmer=false released=0 sec=1420 toast=false -> repaint=false
[122.054] step moves=0 diag=0 level=false shimmer=false released=0 sec=1420 toast=false -> repaint=false
[122.158] step moves=0 diag=0 level=false shimmer=false released=0 sec=1420 toast=false -> repaint=false
[122.255] step moves=0 diag=0 level=false shimmer=false released=0 sec=1420 toast=false -> repaint=false
[122.355] step moves=0 diag=0 level=false shimmer=false released=0 sec=1420 toast=false -> repaint=false
[122.455] step moves=0 diag=0 level=false shimmer=false released=0 sec=1420 toast=false -> repaint=false
[122.555] step moves=0 diag=0 level=false shimmer=false released=0 sec=1420 toast=false -> repaint=false
[122.655] step moves=0 diag=0 level=false shimmer=false released=0 sec=1420 toast=false -> repaint=false
[122.755] step moves=0 diag=0 level=false shimmer=false released=0 sec=1420 toast=false -> repaint=false
[122.854] step moves=0 diag=0 level=false shimmer=false released=0 sec=1419 toast=false -> repaint=true
[122.855] draw dirty=270.0x437.0@0.0,-32.0 bounds=270.0x405.0@0.0,0.0 grid=31x29 scale=2.0 screen=BenQ MA270U
[122.955] step moves=0 diag=0 level=false shimmer=false released=0 sec=1419 toast=false -> repaint=false
[123.054] step moves=0 diag=0 level=false shimmer=true released=0 sec=1419 toast=false -> repaint=true
[123.055] draw dirty=270.0x437.0@0.0,-32.0 bounds=270.0x405.0@0.0,0.0 grid=31x29 scale=2.0 screen=BenQ MA270U
[123.154] step moves=0 diag=0 level=false shimmer=false released=0 sec=1419 toast=false -> repaint=false
[123.254] step moves=0 diag=0 level=false shimmer=false released=0 sec=1419 toast=false -> repaint=false
[123.354] step moves=0 diag=0 level=false shimmer=false released=0 sec=1419 toast=false -> repaint=false
[123.455] step moves=0 diag=0 level=false shimmer=false released=0 sec=1419 toast=false -> repaint=false
[123.554] step moves=0 diag=0 level=false shimmer=false released=0 sec=1419 toast=false -> repaint=false
[123.655] step moves=0 diag=0 level=false shimmer=false released=0 sec=1419 toast=false -> repaint=false
[123.754] step moves=0 diag=0 level=false shimmer=false released=0 sec=1419 toast=false -> repaint=false
[123.854] step moves=0 diag=0 level=false shimmer=false released=0 sec=1418 toast=false -> repaint=true
[123.855] draw dirty=270.0x437.0@0.0,-32.0 bounds=270.0x405.0@0.0,0.0 grid=31x29 scale=2.0 screen=BenQ MA270U
[123.955] step moves=0 diag=0 level=false shimmer=false released=0 sec=1418 toast=false -> repaint=false
[124.055] step moves=0 diag=0 level=false shimmer=true released=0 sec=1418 toast=false -> repaint=true
[124.055] draw dirty=270.0x437.0@0.0,-32.0 bounds=270.0x405.0@0.0,0.0 grid=31x29 scale=2.0 screen=BenQ MA270U
[124.154] step moves=0 diag=0 level=false shimmer=false released=0 sec=1418 toast=false -> repaint=false
[124.255] step moves=0 diag=0 level=false shimmer=false released=0 sec=1418 toast=false -> repaint=false
[124.355] step moves=0 diag=0 level=false shimmer=false released=0 sec=1418 toast=false -> repaint=false
[124.454] step moves=0 diag=0 level=false shimmer=false released=0 sec=1418 toast=false -> repaint=false
[124.554] step moves=0 diag=0 level=false shimmer=false released=0 sec=1418 toast=false -> repaint=false
[124.655] step moves=0 diag=0 level=false shimmer=false released=0 sec=1418 toast=false -> repaint=false
[124.755] step moves=0 diag=0 level=false shimmer=false released=0 sec=1418 toast=false -> repaint=false
[124.854] step moves=0 diag=0 level=false shimmer=false released=0 sec=1417 toast=false -> repaint=true
[124.854] draw dirty=270.0x437.0@0.0,-32.0 bounds=270.0x405.0@0.0,0.0 grid=31x29 scale=2.0 screen=BenQ MA270U
[124.955] step moves=0 diag=0 level=false shimmer=false released=0 sec=1417 toast=false -> repaint=false
[125.055] step moves=0 diag=0 level=false shimmer=true released=0 sec=1417 toast=false -> repaint=true
[125.055] draw dirty=270.0x437.0@0.0,-32.0 bounds=270.0x405.0@0.0,0.0 grid=31x29 scale=2.0 screen=BenQ MA270U
[125.154] step moves=0 diag=0 level=false shimmer=false released=0 sec=1417 toast=false -> repaint=false
[125.254] step moves=0 diag=0 level=false shimmer=false released=0 sec=1417 toast=false -> repaint=false
[125.355] step moves=0 diag=0 level=false shimmer=false released=0 sec=1417 toast=false -> repaint=false
[125.455] step moves=0 diag=0 level=false shimmer=false released=0 sec=1417 toast=false -> repaint=false
[125.555] step moves=0 diag=0 level=false shimmer=false released=0 sec=1417 toast=false -> repaint=false
[125.655] step moves=0 diag=0 level=false shimmer=false released=0 sec=1417 toast=false -> repaint=false
[125.754] step moves=0 diag=0 level=false shimmer=false released=0 sec=1417 toast=false -> repaint=false
[125.854] step moves=0 diag=0 level=false shimmer=false released=0 sec=1416 toast=false -> repaint=true
[125.854] draw dirty=270.0x437.0@0.0,-32.0 bounds=270.0x405.0@0.0,0.0 grid=31x29 scale=2.0 screen=BenQ MA270U
[125.955] step moves=0 diag=0 level=false shimmer=false released=0 sec=1416 toast=false -> repaint=false
[126.055] step moves=0 diag=0 level=false shimmer=false released=0 sec=1416 toast=false -> repaint=false
[126.154] step moves=0 diag=0 level=false shimmer=false released=0 sec=1416 toast=false -> repaint=false
[126.255] step moves=0 diag=0 level=false shimmer=false released=0 sec=1416 toast=false -> repaint=false
[126.355] step moves=0 diag=0 level=false shimmer=false released=0 sec=1416 toast=false -> repaint=false
[126.455] step moves=0 diag=0 level=false shimmer=false released=0 sec=1416 toast=false -> repaint=false
[126.554] step moves=0 diag=0 level=false shimmer=false released=0 sec=1416 toast=false -> repaint=false
[126.655] step moves=0 diag=0 level=false shimmer=false released=0 sec=1416 toast=false -> repaint=false
[126.754] step moves=0 diag=0 level=false shimmer=false released=0 sec=1416 toast=false -> repaint=false
[126.855] step moves=0 diag=0 level=false shimmer=false released=0 sec=1415 toast=false -> repaint=true
[126.855] draw dirty=270.0x437.0@0.0,-32.0 bounds=270.0x405.0@0.0,0.0 grid=31x29 scale=2.0 screen=BenQ MA270U
[126.955] step moves=0 diag=0 level=false shimmer=false released=0 sec=1415 toast=false -> repaint=false
[127.054] step moves=0 diag=0 level=false shimmer=true released=0 sec=1415 toast=false -> repaint=true
[127.054] draw dirty=270.0x437.0@0.0,-32.0 bounds=270.0x405.0@0.0,0.0 grid=31x29 scale=2.0 screen=BenQ MA270U
[127.154] step moves=0 diag=0 level=false shimmer=false released=0 sec=1415 toast=false -> repaint=false
[127.255] step moves=0 diag=0 level=false shimmer=false released=0 sec=1415 toast=false -> repaint=false
[127.355] step moves=0 diag=0 level=false shimmer=false released=0 sec=1415 toast=false -> repaint=false
[127.454] step moves=11 diag=0 level=true shimmer=false released=1 sec=1415 toast=false -> repaint=true
[127.454] draw dirty=270.0x437.0@0.0,-32.0 bounds=270.0x405.0@0.0,0.0 grid=31x29 scale=2.0 screen=BenQ MA270U
[127.554] step moves=1 diag=0 level=false shimmer=false released=0 sec=1415 toast=false -> repaint=true
[127.554] draw dirty=270.0x437.0@0.0,-32.0 bounds=270.0x405.0@0.0,0.0 grid=31x29 scale=2.0 screen=BenQ MA270U
[127.654] step moves=1 diag=0 level=false shimmer=false released=0 sec=1415 toast=false -> repaint=true
[127.655] draw dirty=270.0x437.0@0.0,-32.0 bounds=270.0x405.0@0.0,0.0 grid=31x29 scale=2.0 screen=BenQ MA270U
[127.755] step moves=1 diag=0 level=false shimmer=false released=0 sec=1415 toast=false -> repaint=true
[127.755] draw dirty=270.0x437.0@0.0,-32.0 bounds=270.0x405.0@0.0,0.0 grid=31x29 scale=2.0 screen=BenQ MA270U
[127.855] step moves=1 diag=0 level=false shimmer=false released=0 sec=1414 toast=false -> repaint=true
[127.855] draw dirty=270.0x437.0@0.0,-32.0 bounds=270.0x405.0@0.0,0.0 grid=31x29 scale=2.0 screen=BenQ MA270U
[127.954] step moves=1 diag=0 level=false shimmer=false released=0 sec=1414 toast=false -> repaint=true
[127.955] draw dirty=270.0x437.0@0.0,-32.0 bounds=270.0x405.0@0.0,0.0 grid=31x29 scale=2.0 screen=BenQ MA270U
[128.055] step moves=1 diag=0 level=false shimmer=true released=0 sec=1414 toast=false -> repaint=true
[128.055] draw dirty=270.0x437.0@0.0,-32.0 bounds=270.0x405.0@0.0,0.0 grid=31x29 scale=2.0 screen=BenQ MA270U
[128.154] step moves=1 diag=0 level=false shimmer=false released=0 sec=1414 toast=false -> repaint=true
[128.154] draw dirty=270.0x437.0@0.0,-32.0 bounds=270.0x405.0@0.0,0.0 grid=31x29 scale=2.0 screen=BenQ MA270U
[128.254] step moves=1 diag=1 level=false shimmer=false released=0 sec=1414 toast=false -> repaint=true
[128.255] draw dirty=270.0x437.0@0.0,-32.0 bounds=270.0x405.0@0.0,0.0 grid=31x29 scale=2.0 screen=BenQ MA270U
[128.354] step moves=1 diag=1 level=false shimmer=false released=0 sec=1414 toast=false -> repaint=true
[128.355] draw dirty=270.0x437.0@0.0,-32.0 bounds=270.0x405.0@0.0,0.0 grid=31x29 scale=2.0 screen=BenQ MA270U
[128.454] step moves=1 diag=1 level=false shimmer=false released=0 sec=1414 toast=false -> repaint=true
[128.455] draw dirty=270.0x437.0@0.0,-32.0 bounds=270.0x405.0@0.0,0.0 grid=31x29 scale=2.0 screen=BenQ MA270U
[128.555] step moves=1 diag=1 level=false shimmer=false released=0 sec=1414 toast=false -> repaint=true
[128.555] draw dirty=270.0x437.0@0.0,-32.0 bounds=270.0x405.0@0.0,0.0 grid=31x29 scale=2.0 screen=BenQ MA270U
[128.655] step moves=1 diag=1 level=false shimmer=false released=0 sec=1414 toast=false -> repaint=true
[128.655] draw dirty=270.0x437.0@0.0,-32.0 bounds=270.0x405.0@0.0,0.0 grid=31x29 scale=2.0 screen=BenQ MA270U
[128.755] step moves=1 diag=1 level=false shimmer=false released=0 sec=1414 toast=false -> repaint=true
[128.755] draw dirty=270.0x437.0@0.0,-32.0 bounds=270.0x405.0@0.0,0.0 grid=31x29 scale=2.0 screen=BenQ MA270U
[128.855] step moves=0 diag=0 level=false shimmer=false released=0 sec=1413 toast=false -> repaint=true
[128.855] draw dirty=270.0x437.0@0.0,-32.0 bounds=270.0x405.0@0.0,0.0 grid=31x29 scale=2.0 screen=BenQ MA270U
[128.955] step moves=0 diag=0 level=false shimmer=false released=0 sec=1413 toast=false -> repaint=false
[129.054] step moves=0 diag=0 level=false shimmer=true released=0 sec=1413 toast=false -> repaint=true
[129.055] draw dirty=270.0x437.0@0.0,-32.0 bounds=270.0x405.0@0.0,0.0 grid=31x29 scale=2.0 screen=BenQ MA270U
[129.154] step moves=0 diag=0 level=false shimmer=false released=0 sec=1413 toast=false -> repaint=false
[129.255] step moves=0 diag=0 level=false shimmer=false released=0 sec=1413 toast=false -> repaint=false
[129.354] step moves=0 diag=0 level=false shimmer=false released=0 sec=1413 toast=false -> repaint=false
[129.454] step moves=0 diag=0 level=false shimmer=false released=0 sec=1413 toast=false -> repaint=false
[129.554] step moves=0 diag=0 level=false shimmer=false released=0 sec=1413 toast=false -> repaint=false
[129.654] step moves=0 diag=0 level=false shimmer=false released=0 sec=1413 toast=false -> repaint=false
[129.754] step moves=0 diag=0 level=false shimmer=false released=0 sec=1413 toast=false -> repaint=false
[129.853] step moves=0 diag=0 level=false shimmer=false released=0 sec=1412 toast=false -> repaint=true
[129.854] draw dirty=270.0x437.0@0.0,-32.0 bounds=270.0x405.0@0.0,0.0 grid=31x29 scale=2.0 screen=BenQ MA270U
[129.954] step moves=0 diag=0 level=false shimmer=false released=0 sec=1412 toast=false -> repaint=false
[130.054] step moves=0 diag=0 level=false shimmer=true released=0 sec=1412 toast=false -> repaint=true
[130.055] draw dirty=270.0x437.0@0.0,-32.0 bounds=270.0x405.0@0.0,0.0 grid=31x29 scale=2.0 screen=BenQ MA270U
[130.154] step moves=0 diag=0 level=false shimmer=false released=0 sec=1412 toast=false -> repaint=false
[130.254] step moves=0 diag=0 level=false shimmer=false released=0 sec=1412 toast=false -> repaint=false
[130.354] step moves=0 diag=0 level=false shimmer=false released=0 sec=1412 toast=false -> repaint=false
[130.454] step moves=0 diag=0 level=false shimmer=false released=0 sec=1412 toast=false -> repaint=false
[130.554] step moves=0 diag=0 level=false shimmer=false released=0 sec=1412 toast=false -> repaint=false
[130.654] step moves=0 diag=0 level=false shimmer=false released=0 sec=1412 toast=false -> repaint=false
[130.754] step moves=0 diag=0 level=false shimmer=false released=0 sec=1412 toast=false -> repaint=false
[130.854] step moves=0 diag=0 level=false shimmer=false released=0 sec=1411 toast=false -> repaint=true
[130.855] draw dirty=270.0x437.0@0.0,-32.0 bounds=270.0x405.0@0.0,0.0 grid=31x29 scale=2.0 screen=BenQ MA270U
[130.954] step moves=0 diag=0 level=false shimmer=false released=0 sec=1411 toast=false -> repaint=false
[131.054] step moves=0 diag=0 level=false shimmer=false released=0 sec=1411 toast=false -> repaint=false
[131.154] step moves=0 diag=0 level=false shimmer=false released=0 sec=1411 toast=false -> repaint=false
[131.254] step moves=0 diag=0 level=false shimmer=false released=0 sec=1411 toast=false -> repaint=false
[131.354] step moves=0 diag=0 level=false shimmer=false released=0 sec=1411 toast=false -> repaint=false
[131.454] step moves=0 diag=0 level=false shimmer=false released=0 sec=1411 toast=false -> repaint=false
[131.554] step moves=0 diag=0 level=false shimmer=false released=0 sec=1411 toast=false -> repaint=false
[131.654] step moves=0 diag=0 level=false shimmer=false released=0 sec=1411 toast=false -> repaint=false
[131.755] step moves=0 diag=0 level=false shimmer=false released=0 sec=1411 toast=false -> repaint=false
[131.854] step moves=0 diag=0 level=false shimmer=false released=0 sec=1410 toast=false -> repaint=true
[131.855] draw dirty=270.0x437.0@0.0,-32.0 bounds=270.0x405.0@0.0,0.0 grid=31x29 scale=2.0 screen=BenQ MA270U
[131.954] step moves=0 diag=0 level=false shimmer=false released=0 sec=1410 toast=false -> repaint=false
[132.054] step moves=0 diag=0 level=false shimmer=true released=0 sec=1410 toast=false -> repaint=true
[132.055] draw dirty=270.0x437.0@0.0,-32.0 bounds=270.0x405.0@0.0,0.0 grid=31x29 scale=2.0 screen=BenQ MA270U
[132.154] step moves=0 diag=0 level=false shimmer=false released=0 sec=1410 toast=false -> repaint=false
[132.254] step moves=0 diag=0 level=false shimmer=false released=0 sec=1410 toast=false -> repaint=false
[132.354] step moves=0 diag=0 level=false shimmer=false released=0 sec=1410 toast=false -> repaint=false
[132.454] step moves=0 diag=0 level=false shimmer=false released=0 sec=1410 toast=false -> repaint=false
[132.554] step moves=0 diag=0 level=false shimmer=false released=0 sec=1410 toast=false -> repaint=false
[132.654] step moves=0 diag=0 level=false shimmer=false released=0 sec=1410 toast=false -> repaint=false
[132.754] step moves=0 diag=0 level=false shimmer=false released=0 sec=1410 toast=false -> repaint=false
[132.854] step moves=0 diag=0 level=false shimmer=false released=0 sec=1409 toast=false -> repaint=true
[132.854] draw dirty=270.0x437.0@0.0,-32.0 bounds=270.0x405.0@0.0,0.0 grid=31x29 scale=2.0 screen=BenQ MA270U
[132.954] step moves=0 diag=0 level=false shimmer=false released=0 sec=1409 toast=false -> repaint=false
[133.054] step moves=0 diag=0 level=false shimmer=true released=0 sec=1409 toast=false -> repaint=true
[133.054] draw dirty=270.0x437.0@0.0,-32.0 bounds=270.0x405.0@0.0,0.0 grid=31x29 scale=2.0 screen=BenQ MA270U
[133.154] step moves=0 diag=0 level=false shimmer=false released=0 sec=1409 toast=false -> repaint=false
[133.254] step moves=0 diag=0 level=false shimmer=false released=0 sec=1409 toast=false -> repaint=false
[133.354] step moves=0 diag=0 level=false shimmer=false released=0 sec=1409 toast=false -> repaint=false
[133.454] step moves=0 diag=0 level=false shimmer=false released=0 sec=1409 toast=false -> repaint=false
[133.554] step moves=0 diag=0 level=false shimmer=false released=0 sec=1409 toast=false -> repaint=false
[133.654] step moves=0 diag=0 level=false shimmer=false released=0 sec=1409 toast=false -> repaint=false
[133.754] step moves=0 diag=0 level=false shimmer=false released=0 sec=1409 toast=false -> repaint=false
[133.854] step moves=0 diag=0 level=false shimmer=false released=0 sec=1408 toast=false -> repaint=true
[133.855] draw dirty=270.0x437.0@0.0,-32.0 bounds=270.0x405.0@0.0,0.0 grid=31x29 scale=2.0 screen=BenQ MA270U
[133.954] step moves=0 diag=0 level=false shimmer=false released=0 sec=1408 toast=false -> repaint=false
[134.053] step moves=0 diag=0 level=false shimmer=true released=0 sec=1408 toast=false -> repaint=true
[134.054] draw dirty=270.0x437.0@0.0,-32.0 bounds=270.0x405.0@0.0,0.0 grid=31x29 scale=2.0 screen=BenQ MA270U
[134.154] step moves=0 diag=0 level=false shimmer=false released=0 sec=1408 toast=false -> repaint=false
